order_line_id,order_id,product_id,line_number,quantity,unit_price,_reject_reason,_quarantine_reason
12b19dca-4269-48a9-b237-52166d19100f,485447de-f5bf-4439-bece-52bee3fa2241,65241cab-5792-474e-9476-613ff2617a8d,,4,39.99,,invalid line_number: 0
b5d3f938-0bde-482d-8117-ae11bbb9d1a0,aaa2bca3-fa17-439c-9825-fc26de7b09c3,e1b17c1b-e9f6-4c08-836d-d51e4f134ec5,3,5,,,FK violation: order_id aaa2bca3-fa17-439c-9825-fc26de7b09c3 not found
e2d8b005-09c5-46aa-8ab9-46ba8de10ef0,5a372ea9-4b72-4385-9d52-012dfe174809,8e06c9dc-c596-4267-a04a-8f9d99341199,1,1,3386.67,,FK violation: order_id 5a372ea9-4b72-4385-9d52-012dfe174809 not found
3dd03328-7003-4122-ae76-d3eef0631849,342fe623-baa4-4652-92f8-dde997859605,ff904375-a26c-40b8-81ed-96cbe5fa56b0,1,1,4068.89,,FK violation: order_id 342fe623-baa4-4652-92f8-dde997859605 not found
24ea9e50-660c-4c3b-a73b-7f2673141b04,b294bc40-9a3a-406a-9dc2-27ecab387cf7,6d1b08e9-b484-4fcb-b0f6-78051d0752ef,1,,2480.05,,quantity <= 0: 0
55e477f8-f721-43b2-bc2c-331b115d90e9,47985d86-2d1c-4e53-b520-dbf10c308d50,fc4919d5-2c4e-493b-a935-b2afb0b406ab,1,1,1062.94,,FK violation: order_id 47985d86-2d1c-4e53-b520-dbf10c308d50 not found
430fc922-16a1-451d-a112-fb85614bf90c,7f6836af-6e41-409e-97f7-3a2c4144f705,fca8f5ae-7de7-45c9-a9e9-a424448c1711,1,1,4023.23,,FK violation: order_id 7f6836af-6e41-409e-97f7-3a2c4144f705 not found
7849b202-b509-4318-8dd9-c919a2841d94,b716e895-ac67-4c0b-87fc-e63c9d5fb25c,715c1e92-6b71-44ca-a855-84a4bf037866,1,1,66078.41667187377,,FK violation: order_id b716e895-ac67-4c0b-87fc-e63c9d5fb25c not found
976c176f-100e-4fb9-ab42-9d81c523aaed,f108bfe0-9b98-4dd1-ae09-3225a01c598f,23a161d2-0aa8-4968-8d28-8d303a7b771c,1,1,2450.21,,FK violation: product_id 23a161d2-0aa8-4968-8d28-8d303a7b771c not found
758ee76f-43f4-484f-a71c-0232dd7e9bad,832d59a8-c985-4780-9552-6e98029bfa54,b67ff333-d587-4d2b-971b-c566a746def4,,1,5568.65,,FK violation: order_id 832d59a8-c985-4780-9552-6e98029bfa54 not found
9208425b-0ec1-47a5-a3cf-0cadbf903627,582657b4-15f5-4c13-975d-46f7e941446c,d1e8c946-7b94-4b28-a370-7bd585433bdb,3,3,39.99,,FK violation: order_id 582657b4-15f5-4c13-975d-46f7e941446c not found
b96469f1-8854-4b68-8fea-3ccd6ed21c7c,7c90b33d-8287-4394-97c3-d5e468315fc7,7da3760a-7cf0-4021-851b-97947423a8dd,2,,79.99,,quantity <= 0: 0
4dbfb9b4-1228-48e5-b9b7-0771f9f6b3dd,40879852-c139-4c29-b2c4-d04fa641422f,49da8e1c-8803-4e67-8349-51e1404f403a,1,1,7681.3,,FK violation: order_id 40879852-c139-4c29-b2c4-d04fa641422f not found
259b8886-a960-402b-ab4a-eeae8edf1c31,63ed3828-38ff-49ef-be25-c5a5d55f895e,1cdf32c3-e75a-4dcd-aa72-cb79cc157379,,1,9955.37,,invalid line_number: 0
ce563178-4449-42b6-9e52-8d82b49bde19,60b6e164-ba21-4217-998c-e57022aaf370,9abde850-b7c2-4bb6-9f52-0e3c6cbd971a,1,1,1341.08,,FK violation: order_id 60b6e164-ba21-4217-998c-e57022aaf370 not found
420b7dda-8daa-4cfe-aa38-3806f9eec458,939edc5a-3904-4a00-92f6-4cb37a886142,0060d925-ee0d-4b8e-8981-564776c53240,1,1,5134.64,,FK violation: order_id 939edc5a-3904-4a00-92f6-4cb37a886142 not found
bcecc308-4444-4e06-a81d-4ebc30cc10d0,fcaadbf3-fe03-4dab-9641-6c687a1457d2,94d282b2-0b35-4f15-83f7-0cd3d6b3b098,,1,6349.92,,invalid line_number: 0
799a32eb-430a-4b2c-a1a9-5a9a6787953f,c49e877c-0df6-457a-b787-5d8080ea81c7,1f46ec54-06d8-4d3f-adae-c051e7232e91,4,,36.0,,quantity <= 0: 0
678f46b1-67bb-4beb-96a3-d024c968771a,22bdfd91-a63b-4bb4-93cb-9fbe617eb6bb,db8daffe-64fc-4d95-8227-4f2b13449f2d,1,1,7369.02,,FK violation: product_id db8daffe-64fc-4d95-8227-4f2b13449f2d not found
9cf86c1d-d7df-47e5-a1da-56ea41e0b76b,ee00978f-e6ef-440c-9b52-5bb6963b0455,2b2e8577-577e-4280-af27-b3ff405e531d,1,,2360.65,,quantity <= 0: 0
2b6e592d-dd61-4f0e-af10-1ef6e12df996,4ff78a15-5688-4eef-9ee7-9dd159da7862,68a2e211-6a95-44e9-b7ec-85b92876274e,1,,7748.14,,quantity <= 0: 0
fc8cd95d-f455-4f1e-bfad-8c7b7a4d4f2a,0a957585-5ae5-4e13-8e5d-eec3531d7c2c,d3639678-748f-4dd5-a97f-1e93b42c1862,3,5,5.49,,FK violation: order_id 0a957585-5ae5-4e13-8e5d-eec3531d7c2c not found
57df95ab-c620-494f-8c78-060c2e162f3e,70fbdd9b-08f0-401c-bb4d-b33b04150c3e,c7ecfc3c-769a-43fe-89e7-f8c39137b28d,1,,,,quantity <= 0: 0
23e90e4e-ace2-41e5-863f-ff5b66b48236,ce55c26a-8796-4ea4-b2b1-ddfedb1e4069,d0aa2702-7b9b-4a09-a4bb-3c48d145b471,1,,8635.88,,quantity <= 0: 0
5cf3a2a6-713a-4d58-ba14-974ae8e29424,2291988f-6322-40ff-9085-2d60a38d9870,7431e4ea-f44c-4642-be52-9b63042ba958,3,,22.0,,quantity <= 0: 0
a807e7e5-fba7-457f-badc-5cda7bbd3903,cd88beb5-f864-4da5-bd1e-aa8b73d984da,20bf076d-a3b7-4fc4-aa5d-e60d34541694,1,1,667.26,,FK violation: order_id cd88beb5-f864-4da5-bd1e-aa8b73d984da not found
80b3dc3a-c75f-49cb-92e9-c03cdfa9faed,88a92187-3034-4485-a764-68f73d838c63,6e5012be-f7ab-4bf6-8ad9-88892aedbd93,,1,6107.81,,invalid line_number: 0
6434446b-3b70-4cd1-a500-5caa60ff1d77,b76f4449-10e2-49a8-9208-d2473712449a,d1d50eaf-1ff1-4443-98e9-ae3f46877095,1,1,8099.01,,FK violation: order_id b76f4449-10e2-49a8-9208-d2473712449a not found
b017049c-447f-468c-888b-138f17a5f23d,ef88c5d4-6c3e-49bd-9280-a1e5bb6e45f0,c94ff3a6-46d9-49ae-b4c4-8e1205fc4f70,1,10,24.0,,FK violation: order_id ef88c5d4-6c3e-49bd-9280-a1e5bb6e45f0 not found
0cd15ae2-aedb-4525-b9b2-6cac936a94fd,9955f45b-eaf5-464d-904c-311aaa628b9c,f2bc8878-746f-437b-a73a-c323e4182093,4,,34.99,,quantity <= 0: 0
88f24962-9b73-4ad9-8026-321e0aade5d0,dc55cf3a-fbdf-4c7a-b0ad-0cd1fbe5cd13,68a2e211-6a95-44e9-b7ec-85b92876274e,1,1,5297.85,,FK violation: order_id dc55cf3a-fbdf-4c7a-b0ad-0cd1fbe5cd13 not found
a6e5a9ac-3fde-496a-8df6-cef52dc5df77,b85a8fac-0217-4432-9204-1a29d320d8bf,adce12b4-e6b4-4320-ac6c-9f4ced1c98ca,,1,9750.87,,invalid line_number: 0
4a47ba08-0fc9-41cb-abd6-0b623d9415d9,a299cbe4-adc0-4695-bd01-88f683bddc1e,9fb0f976-8955-48fe-9de6-be9b4e9db8ae,,80,27.2,,invalid line_number: 0
c508137c-1fec-4d50-8eba-7d3dee03c54c,7611aa26-9506-4401-88e1-9a98c1dc965f,c35537fd-24d7-4fba-b4ea-6dd81a342e74,1,1,,,FK violation: order_id 7611aa26-9506-4401-88e1-9a98c1dc965f not found
28642186-54b7-4eca-b3e1-f0bc1056626d,aaa2bca3-fa17-439c-9825-fc26de7b09c3,b88e849d-9469-45cc-8d21-6055f21380f7,5,3,79.99,,FK violation: order_id aaa2bca3-fa17-439c-9825-fc26de7b09c3 not found
d909e316-d2f2-4d41-bf2d-9e2245158416,56a59db3-03f2-4b4a-9a13-39afb1782c00,b6e9776a-25e7-48e4-8d25-b0ac10b37039,,1,5003.84,,invalid line_number: 0
bbdb885a-adce-415a-af61-2de0144b3bf7,e9c188ad-02e1-45f3-9a7e-3a7c8875f362,777d3c09-05a0-4bca-9e0f-10421e29434d,2,3,49.99,,FK violation: order_id e9c188ad-02e1-45f3-9a7e-3a7c8875f362 not found
23b3a7d0-d31f-4512-8bf7-c46bee219178,f275d38e-bc1c-4a6c-9213-e88ea355f44d,c7422e42-0bea-42e8-ab0f-f54b4c5481a6,1,,4032.85,,quantity <= 0: 0
90c3fa25-deaf-4fd7-a785-f46b5410f73e,4b284571-9425-474f-a143-f2e9cc71e058,4e46c834-9c73-4222-a2ca-755d18b17acd,1,1,3009.19,,FK violation: order_id 4b284571-9425-474f-a143-f2e9cc71e058 not found
13a730ab-9d46-45ba-bcf8-a1d886ca3f31,807ba31b-b4d3-417a-81bb-99d20e400cf4,a8ebcb31-fc03-4913-850f-a5c4555895c2,1,,907.16,,quantity <= 0: 0
2a98fc17-03b3-4e8e-bb18-af26e2483b48,f3cf31a5-c056-436e-a0b6-f22f8d9e636a,32ec4192-478f-46d9-ae11-b3e9b91dd41a,1,,2029.22,,quantity <= 0: 0
0ced07b0-0a20-4790-a7a9-3ebfef6ea6dd,b034b12f-27c0-410d-a209-ad9ac82e62b6,2b52a0cf-b675-4e79-bf6a-34e7249ef568,1,1,8495.44,,FK violation: order_id b034b12f-27c0-410d-a209-ad9ac82e62b6 not found
af9f04cf-cc67-4783-ad2f-c9aab2c39c71,4fbed0b4-b392-4ff3-9109-cdf4ac3c09e6,b837efe2-46ef-4996-a22b-ae39d77df5b6,,1,2675.81,,invalid line_number: 0
c5806dbe-efd7-4e1e-9d6b-aa981a4fb384,959867fa-6ce0-4b5c-85c8-3c12bcfef7f5,5e3fcca2-6d47-4ce1-a30b-c9baf9d60f66,,1,2434.43,,invalid line_number: 0
ab353dce-490b-44f6-b7a3-8dd96d4608b5,d27f171d-6169-4b5d-91fe-4ac15eebf08d,0bb7313b-dbbd-4914-b6f9-f94cb40bef06,1,,549.99,,quantity <= 0: 0
0a732bd7-bb88-4eda-a13b-d1bc1d7c5438,a7fadfe8-173a-430c-bdcb-391db7312553,37be4bcd-07fa-4d4a-8a93-25fb2642d2bf,,6,36.4,,invalid line_number: 0
d363e0de-0d94-4186-965d-38a8bf3ca05a,44016931-7ddd-4dc4-875c-8707c32bf7af,e98bdb1c-32b0-4cb2-92af-0c446e8b620d,1,,15999.99,,quantity <= 0: 0
e5885471-ae88-47c5-b3c3-473c36d19d4a,00813db8-9dcb-4a3d-a40b-de394e3457eb,f0f2fb8f-32da-4a64-8caf-2d6792d3487c,1,,2865.38,,quantity <= 0: 0
74a047ab-67ed-4e42-ab32-d8d094ab6800,2028efb2-7a9c-45b2-b0a5-1ade48af4c88,990cfe55-b3df-456b-accc-31217d94f473,,1,8891.76,,invalid line_number: 0
373dfb2e-4d44-418d-ad81-cfb0c30f7e51,0188f3d3-f52d-412a-9b55-2f8cd4aa8d9a,a5637206-51de-469b-ad47-c9b6f21bd0c3,1,1,3462.39,,FK violation: order_id 0188f3d3-f52d-412a-9b55-2f8cd4aa8d9a not found
dfefd02a-323b-4d45-96b4-278fe1384d17,86470e48-5c1a-42dc-aba3-8fb1abb30e31,5962b491-297d-41ac-8a4a-c8d877dd54b3,,1,49.99,,invalid line_number: 0
23c62dbe-a111-49a0-be39-2dee64948a69,5c30b409-8343-433c-a852-c4761d85d1ef,690699b9-902b-4b25-a472-290e6967bb94,,5,499.99,,invalid line_number: 0
9a38de77-6881-4ae2-9227-24ec4c35da76,2ca3c296-88ed-49c0-b2c3-49246e8d5469,d55035f1-3911-4414-b4f8-16572fb5af47,,1,5244.74,,invalid line_number: 0
2f673ac6-98b5-463c-899f-e6f8a195f3c2,cb9a1c65-6638-4925-a6ef-f4814b70d586,96768d79-d12a-4b17-8ef7-3cdeae972247,,1,9064.98,,invalid line_number: 0
e341013e-6070-4fd3-a63c-a1050c8d3d90,d24e2fe0-6bb8-4f27-8731-9cca71bc9497,990cfe55-b3df-456b-accc-31217d94f473,1,1,6645.32,,FK violation: order_id d24e2fe0-6bb8-4f27-8731-9cca71bc9497 not found
2f9116e8-1f9a-4529-a371-d1fabb28768d,bc709430-9bdf-4fc5-a43f-b02575d76ff6,3c268fa7-1ce7-4a1e-ac24-fdc1445b9040,5,,,,quantity <= 0: 0
7bbe2591-07cc-4333-8179-783257d1d649,c7567031-bf0e-4fd3-b263-e09c0d09c20a,37c4dc2a-dc02-4c8c-8afb-84a08b3e8104,,1,6709.61,,invalid line_number: 0
f54c15b7-706a-47d8-aba9-99545b80fd3c,e9c188ad-02e1-45f3-9a7e-3a7c8875f362,6d81954e-f6db-422b-a983-685a2f96155c,1,5,27.99,,FK violation: order_id e9c188ad-02e1-45f3-9a7e-3a7c8875f362 not found
1371e490-66d6-4e5a-ae18-fe006ad0ac8b,d4d23415-7390-4153-a3d4-383cc80294c2,69373ac2-5205-4d1e-a809-0d008f898334,1,1,3470.52,,FK violation: order_id d4d23415-7390-4153-a3d4-383cc80294c2 not found
2f153257-2db4-48fb-b04f-320a6ecf60ae,45fc62f7-8c20-476a-8535-ef282e3c8fcf,37be4bcd-07fa-4d4a-8a93-25fb2642d2bf,,20,36.4,,invalid line_number: 0
07226f43-29a5-4c17-8ab7-24e3261d61f3,9b822439-1540-4914-b5b5-f0ad5f4d58be,d38ef8cd-8032-4a4c-88b8-be465d855224,1,1,11.99,,FK violation: product_id d38ef8cd-8032-4a4c-88b8-be465d855224 not found
0c44e1fc-fb0e-4d01-b9c5-90d51517e927,acbc0d8f-411e-45de-bb51-481a479bed51,1593d885-43e8-49c5-81ab-5d330297e566,1,,3307.87,,quantity <= 0: 0
a93cc041-78ae-42cb-93ae-48647206c59e,b6c283cc-473b-40d7-ac36-62988484c37d,b9cade9e-ff2f-462e-834f-e8f7f91738ba,,1,8935.67,,invalid line_number: 0
3da9ce51-439d-41f7-8040-ab2a9467e303,155f19aa-1c76-44c6-9c8d-36f63d641a67,783c6813-10e0-4530-83e5-50716afca7ce,1,,3314.11,,quantity <= 0: 0
8eda7b1c-6680-4716-a88d-e2b0f3b7bc12,565c2599-704d-400b-b8fd-6b47ade14013,a452fcf3-3fe2-43b3-9740-00878b9e0147,1,1,9022.34,,FK violation: product_id a452fcf3-3fe2-43b3-9740-00878b9e0147 not found
e9839f64-8bcd-466e-bf89-949aa7a2ccc5,1bd20ff1-8cff-4b55-8eae-d4305b42c127,dbf9bcec-bceb-4b6c-a1f7-e749b612b814,1,1,2979.45,,FK violation: product_id dbf9bcec-bceb-4b6c-a1f7-e749b612b814 not found
4fe818c6-0129-43ff-9690-391542bf0d38,65056a94-cce5-4fb0-a6de-35a3040b1f21,9ad0007e-c963-41a7-beb5-495e4b891923,2,,32.8,,quantity <= 0: 0
f38b86e4-568b-45cf-8d89-9ead0d52cc21,0e26c532-0ead-4381-93da-4a427d93737c,8959ae4c-64d8-4d33-8759-8b5b7bf578e9,,1,5960.11,,FK violation: order_id 0e26c532-0ead-4381-93da-4a427d93737c not found
36838776-913a-4153-8c2d-afce5d493d08,e321affa-2c78-47ef-b5ad-c5f1cbd8b6d4,570bc180-1826-418e-9af2-297314effb75,3,30,263.5,,FK violation: product_id 570bc180-1826-418e-9af2-297314effb75 not found
e3b7cfdb-8c6e-44db-90b1-15ea80c0a904,0f7a9ce0-8e97-4554-9ce0-68fc85dc5096,37c4dc2a-dc02-4c8c-8afb-84a08b3e8104,,1,3723.45,,invalid line_number: 0
20c1c1ee-7a80-425b-94c9-58cd9f02192d,a0398903-6344-4138-9f00-fbbf7c6f5e14,000ddd44-9a07-4055-a24e-d59ea185d25a,,21,10.0,,invalid line_number: 0
a15b836d-31d1-4e02-b475-c2060985d2b2,7672678e-55eb-4a8b-b20b-e857a0eb8587,cdd3ee42-4a08-473d-aff7-c30d3cfa11bc,,1,2440.24,,invalid line_number: 0
791caf6c-5c5d-4c04-87bc-2221a491b395,47701059-5e4b-4c55-9f21-a758f6f68732,0884ae35-560f-436e-8833-56c3188ab19a,1,,5658.99,,quantity <= 0: 0
eb314358-e790-4913-9d0c-dba73decae35,4c487c78-62d1-49b4-98a4-4b4efdc0a811,bb5fea5f-bccb-4dae-8049-6cc7652df018,,4,7.3,,invalid line_number: 0
6da1e704-a001-4c32-a5c6-412057404884,12a724c4-ca55-47cb-af51-81274b30354a,e1d9aa2e-ae60-47d4-8528-57865c6f46f4,1,1,7464.22,,FK violation: order_id 12a724c4-ca55-47cb-af51-81274b30354a not found
6f423edf-b551-46fb-a627-08d3101cc8f3,aad263fa-75e7-41d4-aaf5-97170dd981f5,e25bdc17-3ee8-4689-ab8b-bd321142ba33,1,1,5731.74,,FK violation: product_id e25bdc17-3ee8-4689-ab8b-bd321142ba33 not found
6c3582f4-711e-427a-9137-3975be0ea061,9e19dd74-789d-463f-98d2-64abf40dfe1e,413c6431-5ddb-4e7c-8897-1a0bb8c8cd61,2,,24.9,,quantity <= 0: 0
761c2412-e293-4564-96f1-d9d7da844bd4,315c756d-7a57-4858-a8cd-ca19eefa3baf,b35ee0be-7e32-4ad1-9608-24a7433529ba,1,1,3347.0,,FK violation: order_id 315c756d-7a57-4858-a8cd-ca19eefa3baf not found
94e00585-c025-4faf-a33a-07bd27b41b69,25d08efe-0512-437a-95fc-fb8d66cd241c,2b2e8577-577e-4280-af27-b3ff405e531d,1,1,2678.67,,FK violation: order_id 25d08efe-0512-437a-95fc-fb8d66cd241c not found
2ea829f6-2799-416b-82bf-c7ccdaa67379,1a5df3fa-8751-487e-8837-6f51c9a4070f,405ec7ec-68cb-45c4-be9f-ce66833c71ff,,1,5765.81,,invalid line_number: 0
a86d4145-568b-484a-8fda-4df6d00f9de6,2ef724d2-a1d1-473d-99da-c5d96a67c5dc,2431d34e-fc7c-4150-ac77-7286a7821b65,,1,5665.82,,invalid line_number: 0
2b8c3780-242e-4e6f-84d7-f07b2afe0bea,91723a0e-b160-4bca-b125-3897fd739c3d,fc2d9f0c-8dd8-4a8e-b454-6d79b6c7e76f,1,,4945.18,,FK violation: order_id 91723a0e-b160-4bca-b125-3897fd739c3d not found
84086af4-7b97-4e66-a518-50e61964323a,96b0ee81-c921-40ba-9f55-06b3107a9f5b,91b94b55-742c-44e7-b19d-6398a2bb87fb,,5,7.0,,invalid line_number: 0
d528b091-6c7f-42ae-a563-b156c393239c,75620077-84a9-4572-a37a-752c12054af8,58c3ab3f-37b2-4953-9995-234733663995,1,1,5151.21,,FK violation: product_id 58c3ab3f-37b2-4953-9995-234733663995 not found
dadd2086-a938-4471-a4bc-83b4374c184e,e1a9712a-c312-4c18-839e-a082e7577fdd,f42d740b-9ac6-4cac-858c-644ca70fba8d,,1,4492.14,,invalid line_number: 0
b9f94bb1-bc74-46af-9bc8-23744174ec55,fda74e67-a59a-40bc-9279-c2558eddcd33,e5305417-2944-4bb7-831c-2ba279337b57,3,,3.99,,quantity <= 0: 0
9618fb82-02ac-40a0-9c9d-84bc56e1557d,7bb15b0b-bf3b-485d-9383-3ca965537dbe,3f1f60b0-4cf3-4e10-9242-8222f2522a5b,,57807.09268728392,2189.49,,invalid line_number: 0
cb37f6db-6d7d-4c97-a9ca-b0ae5b903b99,d516fc5a-afae-40cf-ac6a-ae05f6a58649,7cdca014-ddd8-44b5-8109-d9318f5a0e26,,,11.2,,invalid line_number: 0
b8977646-3f65-4a67-a623-bc2b02c79f12,48cf4f72-1805-4249-9239-66d2fe556a2a,b7b380fd-519d-42d8-8cf4-301110f2084c,,1,3394.43,,invalid line_number: 0
083e3073-36da-4e6f-a9f9-ddb0c615102a,541abcdf-13fa-4bad-9e81-4978ea175727,4f5c4101-2d5f-4245-bc79-2a8cf7054905,4,6,6.2,,FK violation: order_id 541abcdf-13fa-4bad-9e81-4978ea175727 not found
a3ded399-0f68-4b23-8041-a6edec9b757d,30fae33f-a8de-43f4-8738-d5778969c8b9,69c92d50-6662-4329-90a7-6bd0302768c4,,25,18.0,,invalid line_number: 0
56ef30fe-c52e-491a-a76c-743e6e484769,0477ffe7-288e-4faa-9567-3f2e1232798f,661b2758-7604-49a2-babc-1bf3ce8c7ceb,,2,13999.99,,invalid line_number: 0
5a702c78-35e3-45a0-8b6f-10a4dfe9121f,247153b5-0ee0-499a-8271-221384ea3cea,f03365b4-f1bd-4bf5-9c4a-c6a4fca19699,,,3592.63,,invalid line_number: 0
b37849a7-9cbb-4814-9bd1-799ed061371e,f59767ed-c884-4d6f-9d9b-5c8d5a3f8b1e,5e3fcca2-6d47-4ce1-a30b-c9baf9d60f66,1,1,6234.28,,FK violation: order_id f59767ed-c884-4d6f-9d9b-5c8d5a3f8b1e not found
27200394-2b44-4938-86ab-dcce9dc53720,f3a99961-39d2-4fb2-9545-db6a14944a0f,7646f393-cf04-4afd-99df-391f1f9f1b2e,1,,5363.0,,quantity <= 0: 0
401280d8-feb2-4732-9851-e709f2b2c36e,de584053-668e-4116-afe4-6f58c02f27d9,c2224569-8e20-4f22-b64e-367219011ada,1,1,6213.56,,FK violation: order_id de584053-668e-4116-afe4-6f58c02f27d9 not found
fdc2d5cb-0b56-4be5-b99e-f4e61801a21e,26afc400-cd74-4513-9dba-e62afc87e777,0f3fdb0b-e9aa-4930-9857-5cc873c0b198,5,45,34.0,,FK violation: product_id 0f3fdb0b-e9aa-4930-9857-5cc873c0b198 not found
13787ea1-01f0-4c0e-a5d4-ce8ab93a455b,f1b563bb-9aea-4a4d-ba5d-1a757aeea620,8c112cfd-25b8-45e1-bbf8-afd9705a814b,,1,3949.87,,invalid line_number: 0
1cc8268c-c503-4d37-85a3-72acc2b00869,f82ba635-0437-441e-881b-acce093e7b16,d1d50eaf-1ff1-4443-98e9-ae3f46877095,1,,1586.03,,quantity <= 0: 0
7a51d17b-c5de-4578-9c92-1ff56f658ff9,00508d79-cb78-41ab-b2f1-e796c9ac85e4,87cc51ea-9ce2-4661-8f71-342803fbe4e9,4,,11.99,,quantity <= 0: 0
ba66254f-db8a-4d0b-8d7d-e2619362ec17,3dee75b5-2e47-4131-8cf9-68a30e8cf261,8302094a-9092-41fe-8e65-bea1538c9e4a,1,10,19.45,,FK violation: product_id 8302094a-9092-41fe-8e65-bea1538c9e4a not found
3fbf3dc1-b3b8-4e37-9475-755a743e4910,c1650ec4-870c-4a5a-bb6f-34bfe6a20367,0060d925-ee0d-4b8e-8981-564776c53240,,1,8492.59,,invalid line_number: 0
943dc721-83a5-4580-8431-0e8a0cb77640,120e8152-b894-4c3e-b1f2-a1cd8f6a75c5,75d91eac-b77b-44aa-8c53-ed8f4df53188,,1,3327.44,,invalid line_number: 0
25285e99-88c9-4fd5-ae52-3c83a4f41747,0bdd5551-8bbe-442a-9ab3-974428b33eb1,58e65c9d-b00b-4415-a39e-614a4b37efde,2,18,9.0,,FK violation: order_id 0bdd5551-8bbe-442a-9ab3-974428b33eb1 not found
e9c6dd0b-9f0f-4cc8-ac5a-c2a8eed92ef6,ba489827-9c4e-4868-9e9c-b35ae422e821,594be627-bd1c-4abe-bb4c-d8f75cb56c9b,1,,3891.56,,quantity <= 0: 0
85ab3d54-cf84-41b2-957d-1566f084666d,6c5c3228-2d74-4d74-abaa-ae363637abdd,12c8477a-9b5b-4f9f-a91a-2a7dae992cfc,1,1,3934.38,,FK violation: order_id 6c5c3228-2d74-4d74-abaa-ae363637abdd not found
80d4ba76-2b6c-47d0-af31-d4e4e157ff6e,6e2d7a25-15e6-4913-b99a-1f7eb7deb73c,9b93b63b-1b92-4873-bd36-f24c8e0ff44d,1,1,6383.64,,FK violation: order_id 6e2d7a25-15e6-4913-b99a-1f7eb7deb73c not found
6b69441d-b420-47a0-9935-bd6c3ba521ad,efb7097e-771a-46b1-b7f7-3b268d648076,4a6343ca-08c8-4ff2-80b3-3127488eab03,,,5102.08,,invalid line_number: 0
848bde89-011d-4904-b325-e2814fc5a050,0c8e1fff-c47e-4ef0-b3a2-14b0f582f788,d1bc88ab-c3d5-4ce6-8804-f39b986c4986,1,,889.5,,quantity <= 0: 0
02e56504-30f0-40b5-8e54-4f59eafd242f,5e636bc2-8bd6-4d52-b6aa-aa49e1d85cca,9e558222-8fde-4c4c-97e4-3458fa5cf130,3,30,12.0,,FK violation: order_id 5e636bc2-8bd6-4d52-b6aa-aa49e1d85cca not found
83f3d472-c802-4555-987a-40bcde8231ca,41e2d498-dc8f-46e8-b0e5-b62fa288789a,2b74636e-1c59-4037-868f-b7ed2a8b2b70,1,1,4599.45,,FK violation: order_id 41e2d498-dc8f-46e8-b0e5-b62fa288789a not found
b18859ba-1315-4b7d-b36a-7489a4579612,3cabcf22-e04f-4f15-bcbe-4805b0530882,bb91c52b-d1c5-455b-a126-c7c3f4ab70ca,,1,5325.54,,invalid line_number: 0
3991a7eb-0ac0-4a18-a812-37326db07764,1d668122-d3af-4adf-9da8-9189c471044a,31f018c9-ea65-4fac-af1a-952f45935697,2,3,79.99,,FK violation: order_id 1d668122-d3af-4adf-9da8-9189c471044a not found
5b295e20-788e-4530-a080-55e3718d19a8,905f3373-2755-43f3-ac11-be056941d7ab,2a439e18-b20b-4040-a14b-07ea937afe48,1,1,8904.84,,FK violation: order_id 905f3373-2755-43f3-ac11-be056941d7ab not found
1b45a4e5-0745-4bd8-b2e9-202987cf7968,f4be60cd-4a38-4c9f-b2f7-54afaf66bc9d,1f3b8f71-63a9-4fa7-96d0-516bff97e1d2,1,1,2232.34,,FK violation: product_id 1f3b8f71-63a9-4fa7-96d0-516bff97e1d2 not found
14ad1218-3510-4978-b90d-47f314d61279,bf30beaa-c36b-49b7-aefb-efa8962973f3,474ec297-421c-4f70-9f6f-05626d3d4c1c,,1,7761.54,,invalid line_number: 0
5c0bb17e-d1fd-4a6e-8be2-49cfb97d3a29,2e6c030c-a64e-4c59-8690-d5d0c88f591a,219e5dd9-e68a-449c-9061-f3efad6e5182,3,5,12.99,,FK violation: order_id 2e6c030c-a64e-4c59-8690-d5d0c88f591a not found
452f9e85-f8fb-4acd-a2d2-f28d05414dfc,2d6250ba-193b-4948-96a1-35f0d4cb1036,8ed21f6b-4bc8-45f8-981c-8e414bc1f125,1,,4264.78,,quantity <= 0: 0
012fe7e5-1970-48a0-a91d-25588e813240,5fd11a20-b12e-4ebf-a095-ac4332d85641,cbf9044a-4366-4a6c-b719-d24e54146957,,1,8717.32,,FK violation: order_id 5fd11a20-b12e-4ebf-a095-ac4332d85641 not found
c8621a44-1689-4625-8f7c-f7f1fa2c110c,7e084565-4f11-4804-bfa9-4b7e7ceff10a,7ccc12e4-ac52-4d47-aee8-3b80ad854433,3,,49.99,,quantity <= 0: 0
3dc0db5e-a6a3-4a6b-849d-8eee7ae23e8e,45f5024f-d2e5-4de8-b3a4-196a5d59257d,75f65b75-541f-4d3f-83e1-42acc90fe730,1,,355.22,,quantity <= 0: 0
3920cb0d-00b7-47e2-a7a8-a2cd8fc69cc9,f4daf633-2444-4578-9176-e516cce92e93,76eba194-1a4a-499c-9fa0-eade6c99d1eb,4,,19.99,,quantity <= 0: 0
70396acc-0bcf-4508-ab92-3bf69a34fe02,8028bc8a-d87a-422c-99c9-f664a2dafad7,8c112cfd-25b8-45e1-bbf8-afd9705a814b,,1,1407.87,,invalid line_number: 0
db06252e-f36e-440f-afa4-f40adefd3942,9cfa9618-3d93-453a-ab88-f9277fc53d36,166dc6c5-5327-4f7f-8d8f-5ea0f6510b38,1,1,9011.18,,FK violation: order_id 9cfa9618-3d93-453a-ab88-f9277fc53d36 not found
76c688ad-e794-46fd-9ada-799fcd6bd1f0,d0a9b0b2-8c53-4014-a51e-deb39db95c58,bed7074a-79dd-45bf-97c1-83136fa9105b,1,,6549.54,,quantity <= 0: 0
04189774-03a7-499c-a9d5-4b89196b9fc8,4335ef62-59b2-46f3-972d-f6fa7f252013,12c8477a-9b5b-4f9f-a91a-2a7dae992cfc,1,,3096.13,,quantity <= 0: 0
bc497a11-1df4-4567-bc4d-d19f6764966d,877fee14-9677-412e-affb-804607639af4,37b8e620-a9d6-4535-bdfb-edb7e2f2bb6e,,5,49.99,,invalid line_number: 0
92ada65a-9f3a-433b-be3b-bda6f640434f,331c9d2b-d41c-40a0-88cb-8028a4fb12e8,bee55d36-6e3b-4ffe-8739-0e9f2983bb13,1,1,8035.57,,FK violation: order_id 331c9d2b-d41c-40a0-88cb-8028a4fb12e8 not found
78ea5a4e-aa96-4351-9915-2c11f43e045f,7f59fece-2f4c-4b6f-afd6-737824ef72f0,519f36ad-bc4c-4225-8eca-236e4b863dff,1,,471.41,,quantity <= 0: 0
f0dae566-595c-4c1d-a64d-5948c99b109c,9e6e1066-ee58-44a6-b0dc-3b67bf29e4e4,385db518-63fa-4aad-9836-3e75c7dec1b9,,15,10.0,,invalid line_number: 0
72f3dca7-94a0-44ee-943b-4e0e47ba0775,939ae662-1a34-4cca-b107-388d56c23649,28429a4d-2942-4ea6-a108-d76ecbbceca4,1,,1806.7,,quantity <= 0: 0
3e73bff6-93f9-4bd6-aeda-118a7cef29ad,752a449e-e832-47c4-81c8-9c9a8e8d8dc8,021c48e9-05a4-4828-b573-1f6a1332d356,1,36,31.0,,FK violation: order_id 752a449e-e832-47c4-81c8-9c9a8e8d8dc8 not found
f15a1b3f-a155-4b9d-bd96-6674bde4f097,2dc59b6f-647f-487c-a924-87d34e0dccd4,895972a8-1a2b-468b-bfc2-5ed0f15ae69f,1,1,2790.63,,FK violation: order_id 2dc59b6f-647f-487c-a924-87d34e0dccd4 not found
c58660b5-feb8-4220-a2e4-6ea2fe96c58d,534da955-d493-4346-853c-9288fffc360e,44b89c13-2dfe-4ee6-8d80-79c7e03c66f8,1,1,8298.17,,FK violation: product_id 44b89c13-2dfe-4ee6-8d80-79c7e03c66f8 not found
1e9b9ef7-a8f5-44ef-83df-6f38b13c1988,6cf91d02-5de4-4571-a78c-f29983368aa7,6d66dab4-ee2d-44c4-8ef2-7e0fe08061b4,1,1,5484.58,,FK violation: product_id 6d66dab4-ee2d-44c4-8ef2-7e0fe08061b4 not found
240626ca-0133-4d44-8a8a-59e802167e35,0dab2bb2-888a-4db3-85e0-7921f4daa329,7aa5c2e8-6156-42d7-9264-b2363b69778a,1,,5.99,,quantity <= 0: 0
d1be4488-cac2-4eba-b4f2-85885551552b,c12e8c00-57f5-4c6f-8f00-553d4cae1aa3,e0175029-938e-4996-b659-fffb959bc1e6,1,,17.45,,quantity <= 0: 0
edc34106-90f2-46fd-b265-e743fe217583,56aade95-de25-47f8-93cb-317f95ff6998,b923b70e-0c4e-4d7b-a054-f273f72abaae,1,,8771.05,,quantity <= 0: 0
87bd76bd-291a-400d-85b2-295e50a9afb3,191fe3bf-e8cd-47b1-954c-3883362c0230,2f712610-525c-4e9c-add3-7306f6582da0,2,20,14.4,,FK violation: product_id 2f712610-525c-4e9c-add3-7306f6582da0 not found
5886abf6-e1ef-422e-a9cb-7b5ed5032746,ecf537a7-6361-407e-9076-7a3b061357d1,37c4dc2a-dc02-4c8c-8afb-84a08b3e8104,1,1,6037.46,,FK violation: order_id ecf537a7-6361-407e-9076-7a3b061357d1 not found
2fa4df93-cbf4-4c32-98a3-97034a8f5da6,807eded2-4e80-4617-af5e-e0bbc8fbacfe,d7752581-6cbb-4f8e-aa15-e4adfec8919a,1,1,4378.53,,FK violation: order_id 807eded2-4e80-4617-af5e-e0bbc8fbacfe not found
3997b1d7-f469-452b-8213-55f0f489a0ec,3c315045-41c3-45d2-b8bd-6ac43fee5638,2b2e8577-577e-4280-af27-b3ff405e531d,1,1,7871.57,,FK violation: order_id 3c315045-41c3-45d2-b8bd-6ac43fee5638 not found
733221e3-9413-435a-9768-b8d2ee6aabfc,59a91598-09ae-49e7-8d7b-ebb3cd7a0b30,990cfe55-b3df-456b-accc-31217d94f473,1,1,6036.8,,FK violation: order_id 59a91598-09ae-49e7-8d7b-ebb3cd7a0b30 not found
164d7cda-9f5f-4c70-9687-e08a84d09d54,f1930aad-9ec5-41b7-9c48-fb023d81c2e5,a38e1aa1-93bc-4cc1-ab6b-a727eb1b0cdb,,1,3196.25,,invalid line_number: 0
962c3ecd-d483-46a7-aef0-5a378fee5504,ef36c0d3-14b5-40b6-a636-e269657fac50,ab2c2384-9509-4880-8533-de31ee856e85,1,1,7848.39,,FK violation: order_id ef36c0d3-14b5-40b6-a636-e269657fac50 not found
354b8754-0aff-430f-82c3-bb0c8a2b5376,06ca5023-3b0b-4f44-a41e-01afd8e793fa,87cc51ea-9ce2-4661-8f71-342803fbe4e9,2,,11.99,,quantity <= 0: 0
2398ddb5-cd6e-4adf-acdc-a234785b2d5b,2eb70e21-5dea-4609-ac38-0bed8977b712,089a2d0e-c0a9-4958-843c-cad59fd2aa9c,1,40,10.0,,FK violation: product_id 089a2d0e-c0a9-4958-843c-cad59fd2aa9c not found
fe75f74a-eb0c-4e39-938b-d63529f31b56,bc5cee98-f2f1-4344-ab76-45585d3330c8,4d8b3a35-3dbf-423d-bb9b-e7cbef5f8aba,,1,3842.65,,invalid line_number: 0
6f37e9d2-26d3-4248-a9a1-9338d7565702,23fe400d-c91b-4b23-bb7f-024d1aa565af,28429a4d-2942-4ea6-a108-d76ecbbceca4,,1,,,invalid line_number: 0
88cdbb38-2611-49d9-a07c-06bafdd764d1,6c85eca0-278f-46c7-aa88-6ce1238a4a5f,8ea1a4bb-ba48-478a-b29a-22b4abd9a1b1,1,5,27.99,,FK violation: product_id 8ea1a4bb-ba48-478a-b29a-22b4abd9a1b1 not found
d6fab068-61e9-42e0-abcb-2e7bf6368923,80f97163-9cb0-4176-99ed-bc0e874abe80,37be4bcd-07fa-4d4a-8a93-25fb2642d2bf,1,,36.4,,quantity <= 0: 0
c4845f5c-7ddb-4f8b-bfb4-bd721d366f97,0257c842-00ec-4e66-9a46-2600d3a2915e,49231532-1bb7-44c2-9694-6f2150e56848,5,80,18.0,,FK violation: product_id 49231532-1bb7-44c2-9694-6f2150e56848 not found
c892b93c-3fb4-45e3-8c2f-b13c5d1dcb09,f170d57c-1790-45ff-af59-c53d8e71cc46,ad8c863d-76f9-494b-88c3-9309b3f779ca,,1,805.31,,invalid line_number: 0
377199b6-ded8-4aae-967b-3e4ea52167df,08099b34-d382-4a18-85df-3f759bda157d,11456bc1-04a1-4cb9-a05d-e95dd00b5ab4,1,1,3625.35,,FK violation: order_id 08099b34-d382-4a18-85df-3f759bda157d not found
7f7e92e9-cad8-4455-b28a-c61863a79bbc,41e87a37-240b-480a-868a-c2eca6fc5dc8,2b52a0cf-b675-4e79-bf6a-34e7249ef568,,1,6776.93,,invalid line_number: 0
4b54df72-18ac-41ad-84d0-6872fa3da9a9,3ec045ce-d212-42bb-aa49-672a15ee3088,e9ab542f-31ee-4362-a25c-bfa29bc81438,,1,868.45,,invalid line_number: 0
049c41cc-9414-4950-9879-98038008da62,5379728e-0be5-492e-9a62-cb3137f58177,a4289187-5679-4380-bc91-17bcf82f5aca,,1,7470.4,,invalid line_number: 0
a2895906-af61-4ad7-9da0-10146a120e7c,167baf2d-8867-4a74-8ac1-392481fdf9e4,948d6bba-ace5-46ff-b775-52384d76b071,1,1,1083.27,,FK violation: product_id 948d6bba-ace5-46ff-b775-52384d76b071 not found
2b38413f-fffa-4c38-8bfe-b0bb2328c3b7,f06e04b9-ffe7-4fb4-a0a9-f1c2c2e96986,d0aa2702-7b9b-4a09-a4bb-3c48d145b471,1,1,3626.85,,FK violation: order_id f06e04b9-ffe7-4fb4-a0a9-f1c2c2e96986 not found
19c7156c-f327-42fa-969e-ac3834ec2b87,db95cc3c-0b98-43bb-b5aa-7645c3cf8ced,b4cb1af8-1b11-41d9-8749-94e35f9f91b8,1,1,6508.88,,FK violation: order_id db95cc3c-0b98-43bb-b5aa-7645c3cf8ced not found
2e8e5c25-fdb3-4e97-91d0-1f43f1997ff9,2dc59b6f-647f-487c-a924-87d34e0dccd4,1eb0db43-1a4e-4775-8807-423d84ff3e8f,1,1,2790.63,,FK violation: order_id 2dc59b6f-647f-487c-a924-87d34e0dccd4 not found
0ddf3b94-34c6-40fe-ad66-bca8308f75da,69b5f1bd-48e7-422e-8b6e-b269a4c21c95,c0e77e8d-5f8a-49bd-aae9-ad6dda01b0cf,1,1,1427.5,,FK violation: order_id 69b5f1bd-48e7-422e-8b6e-b269a4c21c95 not found
6954940c-b7f3-48f3-885d-c9ba88dcff6c,0e253099-02e8-4614-8f38-540b21de3680,f3f0603e-a876-4043-bbcd-840733218321,1,1,3747.76,,FK violation: order_id 0e253099-02e8-4614-8f38-540b21de3680 not found
8f231b03-891d-4123-8c4e-3c7ba529e573,afd6e342-38c7-4160-9abf-9bc2851095ff,917c3b97-dc07-4b79-a2cf-0ce6f428b5fa,,20,34.8,,invalid line_number: 0
daba1855-3bfb-4e31-857a-f060a27b02f7,80b8f6f6-5ed7-4394-a312-1d6b97b17555,a642f254-a37f-4250-a40f-136281765255,,1,9287.05,,FK violation: order_id 80b8f6f6-5ed7-4394-a312-1d6b97b17555 not found
ea4561c6-f61b-4b21-8932-b9839b5fd8a1,119d4e55-60bb-4add-8d35-c86593cac674,4e27d80f-edd4-4067-bf8d-f2e7374e8736,,1,1751.13,,invalid line_number: 0
87d43a90-d969-43b8-8023-d2fb20eec3e6,ba3b0ea2-0060-4129-a8e9-9030b43e8fb1,69373ac2-5205-4d1e-a809-0d008f898334,,1,4425.38,,invalid line_number: 0
ecaff225-1708-491f-a7c9-564c031e33e5,86470e48-5c1a-42dc-aba3-8fb1abb30e31,e1b17c1b-e9f6-4c08-836d-d51e4f134ec5,,2,39.99,,invalid line_number: 0
6f02c19f-9f49-4717-9ef9-5d57a62fde3a,00c9e778-3295-4f10-8a9e-912bb2f9cc65,fc2d9f0c-8dd8-4a8e-b454-6d79b6c7e76f,1,1,9585.24,,FK violation: order_id 00c9e778-3295-4f10-8a9e-912bb2f9cc65 not found
93617310-8fb8-496a-8de2-1264842e1989,abccada3-96fc-48d6-8fdc-6e3950012be1,474ec297-421c-4f70-9f6f-05626d3d4c1c,,1,1754.26,,invalid line_number: 0
62f10ed5-6f9c-44ac-b68d-6335450ec2fa,cf0d78d0-171d-4af3-b93d-af36dacf182f,f4718be6-208b-44ad-9cea-95c76f7a7ee1,1,,4049.87,,quantity <= 0: 0
f4fabdd7-bc11-4503-80ff-a97f7d96ed64,5e636bc2-8bd6-4d52-b6aa-aa49e1d85cca,021c48e9-05a4-4828-b573-1f6a1332d356,1,16,24.8,,FK violation: order_id 5e636bc2-8bd6-4d52-b6aa-aa49e1d85cca not found
5227b1b2-563b-4ec2-a0dc-6af143d55ca3,f2752e20-e6c7-4d6f-9438-502eef3ef2cf,65241cab-5792-474e-9476-613ff2617a8d,1,,39.99,,quantity <= 0: 0
2593145d-c515-4836-869b-6bb204aa4bb7,1011f5a1-8813-4ab8-9bb1-b14ca8105d78,881c6f98-68f2-48ea-a2c8-5c9d1d6fc2e0,1,1,6960.88,,FK violation: order_id 1011f5a1-8813-4ab8-9bb1-b14ca8105d78 not found
730d3983-9ed9-4837-a01f-bbb798b1f723,74d020c0-ba73-4c2f-ac66-f86920a93ef1,50b9cdb5-99c9-4763-9f9f-f31f8d0a970e,3,,59.99,,quantity <= 0: 0
d2fc5607-edf8-4ed5-9ae2-b2310d28af6e,0c017ac0-40ab-464e-bc9f-a872fd83ccb7,777d3c09-05a0-4bca-9e0f-10421e29434d,2,,49.99,,quantity <= 0: 0
15822058-a646-44d9-917e-71b0a5f7b30f,0b116a45-2566-4717-becc-2b7358417a97,647fa7e7-1ac2-4442-93dc-ca0d5ac73b91,1,30,17.45,,FK violation: product_id 647fa7e7-1ac2-4442-93dc-ca0d5ac73b91 not found
b399a289-e2f6-4f23-9306-62eaa94174ba,eddcdfc5-514c-4130-84d5-e2c72da47483,11517633-c878-4689-b174-ed973d7d5dfd,1,,7821.29,,quantity <= 0: 0
b0e9d8d4-4117-499c-916b-1929d8ff78f3,66e87112-083c-4f26-a631-787f7539eee4,f5418cc0-9ba1-49ca-814f-2a204ef55a43,1,,9489.1,,quantity <= 0: 0
810e7ef8-0bc4-45e9-918a-c8ccc5d3c46c,820feb87-8be1-4907-bced-f3993ecc1067,b57bfc12-3718-4132-a125-d964c4f6b4a6,1,,7632.44,,quantity <= 0: 0
e2e6f73d-fc2d-40ac-816d-0c4f6ae826f7,b02a86e8-b341-4db9-a6ae-ae0e7b7133d1,555da73d-92d8-4ef1-8a0f-1f9c1453b185,,2,299.99,,invalid line_number: 0
2512dd2e-0390-48f4-9b24-33def878c9e5,9da1dae3-3b09-484f-858f-78b8c304dca6,99ae1e3e-5665-403f-a1ae-67804e475459,,1,929.04,,FK violation: order_id 9da1dae3-3b09-484f-858f-78b8c304dca6 not found
b3568513-57d5-4fb0-8d32-9983d019a2f4,bb22372e-9353-472e-abe1-8239cbb04b34,103e1384-84ee-4d31-8df6-0a1700bc9e71,1,1,4986.6,,FK violation: order_id bb22372e-9353-472e-abe1-8239cbb04b34 not found
c6c580af-8f38-48e1-b54c-5928baf58dec,f1fb24e3-369f-40c8-97ed-6bb9471b57fd,72c27bec-f604-45e4-beee-f370ceff7b56,,1,2396.8,,invalid line_number: 0
b6da0523-518a-4381-afd5-18a6323c993a,3b6cd992-de8b-42c7-8148-1512da9b4cbe,80560c75-f44c-4288-97c1-cc3e45393be0,1,1,5903.9,,FK violation: product_id 80560c75-f44c-4288-97c1-cc3e45393be0 not found
6fcb711a-6232-49fa-9616-a1a05cf83042,8c303033-8525-4f26-a197-85350ab61fd4,24fd409f-814c-473f-85a9-c0d5a6cf1c0f,1,,139.39,,quantity <= 0: 0
64f2af90-03d1-4106-ad26-6684f9c03bed,0152c4b5-bc8b-485a-8bc1-0b0b8b9f70f4,c0a7f9b2-883c-4bb6-b15e-753e384c5252,,60,123.79,,invalid line_number: 0
39ee69a5-cc87-417a-b535-7da8ea28eeb9,00ec62f1-be3b-4a3d-a51d-6e1bf463a02f,32ec4192-478f-46d9-ae11-b3e9b91dd41a,1,,9025.37,,quantity <= 0: 0
0588d02d-f273-4764-b064-b74d156a851f,79edb4ff-7e0e-4fa0-9e1a-7f92ec96afdd,e9fcef35-d2e4-4d00-a0b9-6c28f6daba56,1,1,3005.94,,FK violation: product_id e9fcef35-d2e4-4d00-a0b9-6c28f6daba56 not found
f2c280cf-371d-466f-92b5-332b8171b7ed,aa284f6c-7cb0-4c41-b57d-f2758556381e,0f2f16ee-6c3e-405a-a9b5-348f4ce41bad,1,1,2331.0,,FK violation: order_id aa284f6c-7cb0-4c41-b57d-f2758556381e not found
4d106390-dc21-495b-bf20-42222dfcd952,c2706c5d-ee9f-402c-b7fa-9c111a776f87,6f964357-63c8-4e17-a34b-51facf00a263,1,1,8128.08,,FK violation: order_id c2706c5d-ee9f-402c-b7fa-9c111a776f87 not found
a5c78a75-5fbc-4215-a46d-3fdcb258b3ab,6bfd2305-b740-4067-8b81-a64bd72104cf,378693f3-3b00-4a0f-8c4b-7dd7cd8b9279,,1,6196.62,,invalid line_number: 0
24133be5-c0ef-40b4-91c0-0b4d7abbd75e,dc0029bc-06c2-4983-b9b6-7f17a3dc7ad9,e9fbad01-36bc-4fd4-9ab8-f5082ab82ea9,1,1,4770.8,,FK violation: order_id dc0029bc-06c2-4983-b9b6-7f17a3dc7ad9 not found
fb20418f-7673-414d-b90d-441fd359a92f,79815b49-5b91-47d7-bd62-b7e72c0d4030,c7ad739b-a7f2-4f8d-9308-98f843139668,1,1,285.33,,FK violation: order_id 79815b49-5b91-47d7-bd62-b7e72c0d4030 not found
b2c0ca17-6022-48f6-a177-31eea7b2db82,7f4a64d6-5ed5-4740-bcd4-09d7f960d5b7,62c7026e-3be0-4c17-8873-9ce8eedc5fca,1,,6630.78,,quantity <= 0: 0
609559a3-104f-46fc-a506-100f84868d71,5bdba800-9aea-4779-891a-f580163fa270,f70c1fe7-b9cd-4645-924a-ee3fea82149f,1,1,3039.18,,FK violation: order_id 5bdba800-9aea-4779-891a-f580163fa270 not found
09f5080e-f2a4-4140-9662-8df94dc8e169,0456e420-3aa9-4183-8561-3eb1d9297b36,4d8b3a35-3dbf-423d-bb9b-e7cbef5f8aba,1,1,4919.09,,FK violation: order_id 0456e420-3aa9-4183-8561-3eb1d9297b36 not found
f27d12b9-73fb-4dda-bf8f-0d4cf3ff3ff3,d7b3e413-5aea-4cff-9076-9679fafe2c62,0f5142a1-c2b4-4c84-af6f-f176fcce0262,,33440.54333981888,891.94,,invalid line_number: 0
2fe3854f-264c-402d-8beb-4a94b6d1a4ef,d89722f5-f236-4b52-96a9-82f19e18520c,d55035f1-3911-4414-b4f8-16572fb5af47,1,1,2509.61,,FK violation: order_id d89722f5-f236-4b52-96a9-82f19e18520c not found
5891eb1f-afc3-40b1-984d-b72c525dd091,2c1bb223-56e2-4676-9b87-8ddaf71fc578,5c7e2a00-0fa8-4139-bf64-99ea50ae87a7,2,1,14.99,,FK violation: order_id 2c1bb223-56e2-4676-9b87-8ddaf71fc578 not found
553bbc8c-9c4d-488a-b939-b3f35539df9b,f3330340-96c1-4027-aa54-88820c10f80d,1e29a364-16cb-4ff3-818d-c4da669cc49f,1,1,1767.76,,FK violation: order_id f3330340-96c1-4027-aa54-88820c10f80d not found
702be008-c054-40a4-b09a-10d65fe8d07e,1bc97c2d-3733-4936-83a0-dac9498ee65e,94d282b2-0b35-4f15-83f7-0cd3d6b3b098,1,,8216.01,,quantity <= 0: 0
adf53050-b309-4796-b702-1bc70635d1c3,c4584da1-28c7-47a2-8064-8e0b064e114c,d1bc88ab-c3d5-4ce6-8804-f39b986c4986,1,1,4470.07,,FK violation: order_id c4584da1-28c7-47a2-8064-8e0b064e114c not found
3ddd4a18-de9e-4768-975e-e83186890594,b54afe8e-3e97-474e-a905-e26f3216bfd8,8959ae4c-64d8-4d33-8759-8b5b7bf578e9,1,1,7338.69,,FK violation: order_id b54afe8e-3e97-474e-a905-e26f3216bfd8 not found
f8fdbc29-baed-4ed6-bdd3-b2e48c54afc3,ff30ab36-d961-49c7-a18f-5fc000be8c55,141b24d2-c8e0-4f05-97e7-1a8794b55062,1,4,699.99,,FK violation: order_id ff30ab36-d961-49c7-a18f-5fc000be8c55 not found
5af19d4c-5403-4667-8c9b-8d77ed2936c5,e4a76ac0-53bb-46a4-bf09-6ae014e7b288,08d87b45-4e46-4389-b703-11e0d2f633df,1,1,5922.21,,FK violation: order_id e4a76ac0-53bb-46a4-bf09-6ae014e7b288 not found
98f16de4-4031-49ff-a28a-b19ad887e2bc,26201e72-32da-40f6-9c38-ed3af01d72e6,081465ec-b028-41fd-a548-9e3646a7995a,1,1,327.42,,FK violation: order_id 26201e72-32da-40f6-9c38-ed3af01d72e6 not found
20407397-2bf7-40d5-9981-37987253cdd4,368d9540-7c6d-43fd-8a80-acde3b5d6aa5,9ad0007e-c963-41a7-beb5-495e4b891923,,25,32.8,,invalid line_number: 0
825840da-55ad-4864-a720-bfed9a48485c,323cd07a-739b-4c07-b0b5-58966e8932c6,d5564ce9-3b2d-48c2-8037-1c5947f8ebf7,1,1,2808.05,,FK violation: order_id 323cd07a-739b-4c07-b0b5-58966e8932c6 not found
6d8203a7-f7cf-471c-b422-273727e421c7,5e636bc2-8bd6-4d52-b6aa-aa49e1d85cca,daae3289-be41-4c33-9805-8f2e57f25bce,2,15,19.2,,FK violation: order_id 5e636bc2-8bd6-4d52-b6aa-aa49e1d85cca not found
3eaf6634-dd1c-44ca-9164-26b8d6a0fb98,1a589677-3e4a-4569-87a7-1df50f5a5d75,4f5c4101-2d5f-4245-bc79-2a8cf7054905,,10,7.75,,invalid line_number: 0
4c8ca540-a383-41c2-b753-d372f9776cbe,86926364-2ab8-469f-b0af-3b2475090f94,50b9cdb5-99c9-4763-9f9f-f31f8d0a970e,,2,59.99,,invalid line_number: 0
50910568-a1c2-4548-9438-d1fcb8e555e7,910dbbbc-2e66-41ed-9a5f-990fa10289b6,a8ebcb31-fc03-4913-850f-a5c4555895c2,,1,5459.8,,invalid line_number: 0
2a01f2b0-0da6-4f85-ac86-b9607b6cf69e,fdd4763d-bcf9-42ff-8f49-d6df3eea5128,7cdb4c23-d6d0-4fb1-8059-05f8d8f498b0,1,,9213.21,,quantity <= 0: 0
6531dab0-b22d-4e8d-9ff7-581b0823eff4,9b21147d-8c5a-4877-8b67-6ca4500ed4c1,474ec297-421c-4f70-9f6f-05626d3d4c1c,,1,2436.66,,invalid line_number: 0
1dda0e76-4793-42f2-9a0e-c49c0c0ad250,e7c2fbda-7933-49ee-adcf-b3f1392be1cb,3c268fa7-1ce7-4a1e-ac24-fdc1445b9040,,30,26.6,,invalid line_number: 0
5448681c-faa3-421d-b0e8-01b34dd41f96,19524873-1acf-4d67-a12e-30fb38ce1356,4b049825-f61a-46f2-bb30-51c1013a6148,1,1,469.18,,FK violation: order_id 19524873-1acf-4d67-a12e-30fb38ce1356 not found
b913fdff-f7f9-45fe-8866-7b98fd446881,ecec9359-8c81-43f0-a0ba-b709050a355b,6006a5e4-41a6-4ad9-bc25-d6314dd5291a,1,1,2131.7,,FK violation: order_id ecec9359-8c81-43f0-a0ba-b709050a355b not found
0e5e8748-611d-4cce-aafc-7e4632f31b39,29668e63-e602-40bf-ae4c-44234f23a3ba,f5da4bfb-59c6-4fdc-9d3f-bd6b4fe35ffe,2,,19.45,,quantity <= 0: 0
9b24d17e-61cf-4622-b0b4-ec8249e68989,dc01e0f3-4ff3-49c5-9cd9-83191c3b6a15,817c105c-2e58-48eb-b6ed-c4d8410a30f3,,1,2616.52,,invalid line_number: 0
7374386e-e141-4bc7-a0de-d516449778a6,10d4eafa-afcf-4528-ad70-b3c35fdbef6a,82a120f7-0388-4158-9319-efad71f18355,1,1,2226.74,,FK violation: order_id 10d4eafa-afcf-4528-ad70-b3c35fdbef6a not found
15d7af00-48f9-41af-bc06-a1d490206e09,a8f5959a-bde3-42b8-989b-0dee56478a48,218c431d-e352-4a21-aeee-2df61a8de9e7,2,18,26.0,,FK violation: order_id a8f5959a-bde3-42b8-989b-0dee56478a48 not found
4f141331-e025-4c37-b787-e0516ce5064f,368d9540-7c6d-43fd-8a80-acde3b5d6aa5,daae3289-be41-4c33-9805-8f2e57f25bce,,4,24.0,,invalid line_number: 0
795770fc-f9ff-40c5-95ff-47d6fa677337,1357cb80-2185-4e00-9eb9-b6985e8d9068,669b4aca-1450-4e4e-945b-33751ea9b5d0,1,1,1718.8,,FK violation: order_id 1357cb80-2185-4e00-9eb9-b6985e8d9068 not found
036345d8-a86c-4234-8a26-923409f09419,5723732e-10a6-44e9-bd99-f5eab06f9c03,a5637206-51de-469b-ad47-c9b6f21bd0c3,1,1,9308.27,,FK violation: order_id 5723732e-10a6-44e9-bd99-f5eab06f9c03 not found
a447ce66-dba5-427e-9842-b082f1dfae1f,8e776885-6429-44c6-b345-cc6886012d19,dd9ae672-5222-4cd7-b5f2-048527697234,1,1,7034.26,,FK violation: product_id dd9ae672-5222-4cd7-b5f2-048527697234 not found
a20b0963-aa7b-48b3-b2fb-cfec2b6e7061,aaa2bca3-fa17-439c-9825-fc26de7b09c3,3c6495bc-5a7c-4fa1-8c51-c759e081f74b,1,2,499.99,,FK violation: order_id aaa2bca3-fa17-439c-9825-fc26de7b09c3 not found
1337f909-7e07-4bc4-9823-192e11d9a1d6,b27d484e-803e-4e0c-aaf5-a4fbd26f988a,33ebf641-ea67-46e9-9a19-42c1ffbe78a2,,1,5868.51,,invalid line_number: 0
83fea700-36d4-4406-b720-cb8553072f6b,4781c40f-da23-4968-a8e3-6c2f99402d46,d7b2504b-6c75-4e35-9d79-37e2af7d9317,,1,,,invalid line_number: 0
99dd8745-9a94-47d4-8682-4f1dc2daf32d,735a0013-553c-47a4-8118-09363f6ef89a,1593d885-43e8-49c5-81ab-5d330297e566,,1,9155.29,,invalid line_number: 0
785a8a3a-12d6-4e45-a1fb-c8e3596e880f,608070f2-db7d-4ee2-afdd-820a3dd3a7aa,fca8f5ae-7de7-45c9-a9e9-a424448c1711,1,,9210.72,,quantity <= 0: 0
ebdf99f9-e28f-49f7-8aa0-176aece85b54,3ea00648-1116-4bc7-8756-f7e944ccb056,26098e7f-64d8-435d-82dc-d6fd1ff8454c,1,1,4030.52,,FK violation: product_id 26098e7f-64d8-435d-82dc-d6fd1ff8454c not found
70495294-8b1b-4e32-912d-500242373297,99964fcc-82f2-4f6c-a304-7c5a62a31569,abc1ee79-a988-415d-852e-5ade65919c8d,1,,4643.25,,quantity <= 0: 0
9b87bce0-91cb-4f5f-98d1-6b715eee1963,fef58e59-3a50-4537-b422-ca88c1fc52f4,d55035f1-3911-4414-b4f8-16572fb5af47,1,1,5244.74,,FK violation: order_id fef58e59-3a50-4537-b422-ca88c1fc52f4 not found
96798b6b-9715-4daf-97f9-5bb76c917735,168c453c-7220-4aaa-83bb-fd5af42d7cb1,41d5ee7e-3ec2-4975-9b85-a23aa3a946a2,1,1,4792.09,,FK violation: order_id 168c453c-7220-4aaa-83bb-fd5af42d7cb1 not found
9e9c4866-14fc-4666-886f-bf176bb62dda,a818d983-e1c8-4a02-9384-58caae4a9bb3,83228591-281f-4eb8-ad4c-2f911470b9d4,,1,463.85,,invalid line_number: 0
a9391137-fa1b-4ed0-8a79-551ade82a3a7,2da3f0e3-80f9-445a-b748-e9826c1fcb1e,4b049825-f61a-46f2-bb30-51c1013a6148,1,,9799.97,,quantity <= 0: 0
9aa5178f-d226-4606-a7eb-4300d8d370b3,92560eac-9848-40ae-bf7b-12a12d3bf39b,cd6cd34e-a284-4b37-b05a-0e8b3a40ed43,1,1,3381.38,,FK violation: order_id 92560eac-9848-40ae-bf7b-12a12d3bf39b not found
2ec631de-8dc7-49e3-b7fa-5a78dc18045b,15edb96c-cc6b-412f-9563-477ec8b2aa6a,956993b8-b401-4f53-b78c-823eed8de1cf,1,,62.5,,quantity <= 0: 0
d244db52-dda8-423d-99e2-81425ad3a285,0bdd5551-8bbe-442a-9ab3-974428b33eb1,bb5fea5f-bccb-4dae-8049-6cc7652df018,1,15,9.2,,FK violation: order_id 0bdd5551-8bbe-442a-9ab3-974428b33eb1 not found
e18470f3-6272-4313-a08a-0d92a87cb0b3,36ff7351-add3-4a50-ae32-a1492fd6f5a4,03d3087f-538c-451c-9f47-e4823a41fa39,5,,2.49,,quantity <= 0: 0
aa1ad770-8772-4a53-9eae-f4c1b3292a91,9d564593-d941-4dd0-a3c8-87f55a9ce5e2,4d99df59-15b3-4b50-9cf6-d476a882d80f,1,,2310.58,,quantity <= 0: 0
abf69d15-0fc6-41ac-a901-d550378f78a5,d8aa107c-9d6b-405e-9ff9-a25b82a76817,58e09156-ef52-42fd-a346-c1c6276d57d3,,2,21.0,,invalid line_number: 0
c2a97e3c-219e-428f-98b8-2aa3b2b38505,e9c188ad-02e1-45f3-9a7e-3a7c8875f362,777d3c09-05a0-4bca-9e0f-10421e29434d,5,5,49.99,,FK violation: order_id e9c188ad-02e1-45f3-9a7e-3a7c8875f362 not found
90dea252-9b2d-4deb-818d-ac0344db23f1,aaa2bca3-fa17-439c-9825-fc26de7b09c3,88240836-fd34-4c41-a2e1-e2fc1dee9c3e,4,4,8.99,,FK violation: order_id aaa2bca3-fa17-439c-9825-fc26de7b09c3 not found
89321d7c-8ee3-42a7-94a5-e4214438b5e5,87e73fbc-3718-461c-bc9a-1e026ab8df7d,e731364e-1ccc-403b-aa6f-1b5ed31f89de,,24,17.0,,invalid line_number: 0
1320eb48-7d79-497b-9630-cdfb4f19fc36,103c29de-703d-4d74-9909-b7a22efe54dc,32ec4192-478f-46d9-ae11-b3e9b91dd41a,1,,6044.17,,quantity <= 0: 0
65edfa0a-9812-42fe-baed-e4c839257460,d6650d1e-4a76-45d4-b55e-99cc063404d3,b4cb1af8-1b11-41d9-8749-94e35f9f91b8,,1,3092.24,,invalid line_number: 0
79555bb4-07f9-44cf-b005-2240d4afb61b,6d0a230d-ecd1-4949-96ae-2b2a53a7c7af,83b86e6d-ba04-412d-800e-9027e46813cb,,1,6585.71,,invalid line_number: 0
b99bda58-afc4-4765-9c67-693205771009,ffbabec3-270e-4d35-a9f8-837c91501b79,72742f52-44b5-4518-a170-9429c032a66b,,1,495.76,,invalid line_number: 0
d3bb4b07-ea09-4e12-95a3-4c0e6eafc3fc,11f864f6-d3d5-48f8-9dc2-5fc0309b652c,48d69890-c042-47a8-80e3-3deb62dd9227,,1,3900.37,,invalid line_number: 0
89ae1eb8-89f9-42f7-8013-01437505d6e7,11e282c2-49dc-4508-858e-73b14a85d80b,01272dbe-0ad0-4dff-88b1-fd85d31b4f2a,4,,9.99,,quantity <= 0: 0
a6fe9e34-a415-485f-833f-3ef58a2d56ec,a352ecb9-f4f1-4abf-a94a-912039665eed,434ea7e3-30bc-4b3e-8fc0-d13606a520dc,1,,9333.39,,FK violation: order_id a352ecb9-f4f1-4abf-a94a-912039665eed not found
52c1694a-aee8-4339-afb3-6e4bf0f67e50,8ed86602-cacc-42c3-bc24-18de0ba539ad,41a68a7d-27e6-4136-8cf2-06d5c1220c37,,1,9321.45,,invalid line_number: 0
3359caf6-c0c0-4061-9d75-2f855c3f2411,7ab0154e-f665-43a7-9677-12cdcd26c4d3,d7b2504b-6c75-4e35-9d79-37e2af7d9317,1,,5423.38,,quantity <= 0: 0
edd72c01-36c4-4ff8-9bb0-e6130dcd8bbb,1c299088-fcd3-475a-8cb8-3f7beefb7332,b1cd5a2e-d25b-4f4e-8e91-805f4a891b6d,,1,2910.87,,invalid line_number: 0
016773b3-937f-495a-8123-a80979739c21,c7216e47-b666-44d4-8ac7-e737d618b16e,61256a79-c3e0-4966-8c88-756f109721a6,2,,12.99,,quantity <= 0: 0
f8dcc596-c91c-43ff-999d-da8f4da79e28,552d84e9-b60d-498a-9720-be588efb28e5,0795474a-93e3-4db5-9946-70a104b229ab,2,25,4.5,,FK violation: order_id 552d84e9-b60d-498a-9720-be588efb28e5 not found
b399c172-9e5d-467d-ba09-61c5328b38fc,447fce96-5548-4ada-b787-953e758f2403,6a1851c9-dc81-4cb6-8840-0dedd522c1e2,1,,4599.87,,quantity <= 0: 0
33f6c215-7937-4475-9201-c41a22e3050d,e9c188ad-02e1-45f3-9a7e-3a7c8875f362,5938bc1c-434a-41aa-a36f-623e896ec695,6,2,10999.99,,FK violation: order_id e9c188ad-02e1-45f3-9a7e-3a7c8875f362 not found
b7e301ff-b0ff-4d0f-8340-72b2a0c9be2a,f0d291d1-b3e9-4b3e-bc9e-6f64a2d1810a,076759f2-6d0e-4c7c-bb6a-f01d0573b5e3,1,1,5024.44,,FK violation: order_id f0d291d1-b3e9-4b3e-bc9e-6f64a2d1810a not found
ba217fe4-12d3-406b-b6d5-3f42eea22277,28258ade-c6cf-4342-90ec-92e50eef75f5,768b483d-42a2-4b1a-877d-2ac82db5294c,1,1,4339.52,,FK violation: product_id 768b483d-42a2-4b1a-877d-2ac82db5294c not found
75f2fec4-1a33-4d93-be43-001318d1dc6f,c1c54f8f-8bc6-4532-8796-a5c29c3a8c46,917c3b97-dc07-4b79-a2cf-0ce6f428b5fa,2,,27.8,,quantity <= 0: 0
e0ce9589-eda9-4a98-b3a5-ce252baf968e,ee6ce194-d431-42c9-8edc-d60439fbc840,32ec4192-478f-46d9-ae11-b3e9b91dd41a,1,,4919.61,,quantity <= 0: 0
c8bb87d6-948a-450e-b8dc-5ac4f926f2d9,cdbab90d-08d6-4d54-b91a-08746d59f8e5,d43e9859-c020-47fb-a3f2-47a87a244d3d,2,24,53.0,,FK violation: order_id cdbab90d-08d6-4d54-b91a-08746d59f8e5 not found
d07f21df-bfca-4eff-b428-aa12e8dd3678,33f913d2-8c75-4bca-a238-588096908b7b,d0a38400-c3b9-45d3-874e-f4b4f51cad25,,1,4803.66,,invalid line_number: 0
962147ac-d704-4d13-8ec6-ab92baaf5213,b5f0cace-c779-45ce-abd6-6376b780fc58,e81f3eff-8ef3-4bc5-855b-0a09490b7b6f,1,,8769.4,,quantity <= 0: 0
1da2b2d2-2c35-45f7-9aab-d31d0de74652,2fd832ab-c332-434a-8645-d6f081a3d1a4,3eeaefe9-37af-4afa-8968-70ee873fcc4c,1,1,2884.51,,FK violation: order_id 2fd832ab-c332-434a-8645-d6f081a3d1a4 not found
18f606ac-5e86-40fc-ad3d-e3c4603b6650,15729311-831a-467b-a84b-580fe5ef938b,030e5ca9-3932-4894-b329-75eeae5cd631,1,1,519.47,,FK violation: order_id 15729311-831a-467b-a84b-580fe5ef938b not found
c2097032-4b27-4c3d-8f77-ced2e9f30dd3,b709f091-8ebd-4df0-af40-ae0604ce802a,b60159b0-ed10-4bed-8da3-455ac3d3d598,2,9,46.0,,FK violation: order_id b709f091-8ebd-4df0-af40-ae0604ce802a not found
5f5e7390-5d7f-470e-9206-f362b0f30cce,d3b151f8-49e2-4797-8323-fa3ab87f5bc8,7aa5c2e8-6156-42d7-9264-b2363b69778a,1,,5.99,,quantity <= 0: 0
c61c8506-2d61-4ead-bb06-a0f83a8b9ff4,f0ea9324-0e62-44df-820f-586d5505d40e,b923b70e-0c4e-4d7b-a054-f273f72abaae,1,,1516.16,,quantity <= 0: 0
772c94df-7904-4540-9a8c-4a3542be1805,ef111df2-b2c6-43b1-8cae-97fdfe20fcfd,4907000e-46de-4902-aafb-adf1569a12b5,2,,19.99,,quantity <= 0: 0
09625756-4df5-45ab-87ae-bd7f2b9c6b03,ef2a04cd-c3ef-47d6-84c9-d399fa46f71d,c7422e42-0bea-42e8-ab0f-f54b4c5481a6,,1,3986.51,,invalid line_number: 0
58d7baa2-eaa7-471a-a7c5-83825f639ab6,4cc2cd53-9917-4d8f-ab2a-573d4fae6398,c77a3645-d911-42a7-8d3b-89ac1724ba82,1,,7593.49,,quantity <= 0: 0
2639c748-91e9-4aae-8593-be9893b9531f,01e43bdf-a7c9-4359-b2c4-fb91b13370e8,4e457be4-8e4c-4b47-b169-ce20584c300e,1,1,3828.1,,FK violation: product_id 4e457be4-8e4c-4b47-b169-ce20584c300e not found
45f128c7-4345-4750-8bc6-d225e43b99dc,e7a18150-730a-4865-9eaa-633836949a3e,3e26a8af-4962-4867-8154-bf94c79ac1d3,2,,38.0,,quantity <= 0: 0
da0a7bb7-2e68-4312-9bfe-695d50acedf5,e4a200e0-9282-42cc-a2a3-14d23335c1ff,af62ee20-ebc0-454b-97a8-606e9a71136d,,1,274.9,,invalid line_number: 0
d60521c4-8f1d-48a4-9700-c2f33b39c240,cdf70eb3-1db2-4358-a889-0ba5417fad16,b35436c8-d2fb-408c-ba13-1027775e9660,1,1,7950.27,,FK violation: product_id b35436c8-d2fb-408c-ba13-1027775e9660 not found
66eedd90-7e8c-4774-b953-053756731c80,9d015b67-3419-4f17-a3e8-241cccd1a583,2bb16c7f-cd9b-4f48-9d4e-9d546bb4d30d,1,40,25.0,,FK violation: product_id 2bb16c7f-cd9b-4f48-9d4e-9d546bb4d30d not found
3b72982b-b649-473c-9969-23eb8ac56d4b,e9c188ad-02e1-45f3-9a7e-3a7c8875f362,b7bfb6af-85f9-446e-ac05-4739af3d6250,3,3,29.99,,FK violation: order_id e9c188ad-02e1-45f3-9a7e-3a7c8875f362 not found
dff1ce46-dcc6-48eb-a613-4dfea1a32b3c,df879e69-08af-4904-8344-ee0a9044d5ae,34a1a556-2f7c-4255-b925-5a2bdfe374e2,,2,29.99,,invalid line_number: 0
8a935f0d-80a1-4547-9783-f0ff56b051a1,16f4281c-2422-42e7-894f-f85fdd70422c,319fdb68-f0c9-4823-83d0-89593b9dd45a,,4,8.99,,invalid line_number: 0
9b6fa35f-9d97-4386-bc1d-7fb82a2165aa,21deb525-582c-4df9-a180-ac01254a7a69,7cdca014-ddd8-44b5-8109-d9318f5a0e26,1,50,11.2,,FK violation: order_id 21deb525-582c-4df9-a180-ac01254a7a69 not found
d4ca3ce0-0cd3-4c84-bb64-5b503d376d74,e62aed3b-0ee1-4d8e-b6e4-6cbef41de041,7cb68a40-018d-4e28-8142-8b3f492b9ea3,,1,3358.85,,invalid line_number: 0
7099fbe8-5cb5-43a2-93dc-eea6c6ca6be4,71714a03-bba9-48b3-a2c7-fd90b1d62a6a,bd349ff1-d8c5-4503-b8cd-a522908d04f0,1,1,7279.17,,FK violation: order_id 71714a03-bba9-48b3-a2c7-fd90b1d62a6a not found
799edbc1-bcaf-43f5-b890-26e0472d0aac,2a4d8baa-57a4-4fdb-8c9a-fbd1b1efc031,abf03e5a-c43d-455e-a0a5-a299f580fe1b,1,1,6389.17,,FK violation: product_id abf03e5a-c43d-455e-a0a5-a299f580fe1b not found
6685505d-91e1-4aa2-bc72-c02528761b71,dc839f49-c451-421f-acdf-85e8d95b580d,6e8b0b70-6934-458c-9a32-73b70ca0d39e,,1,8181.06,,invalid line_number: 0
3a15ef10-9b15-496a-a158-10d56c420cd6,b604365a-d93e-4f58-8ca2-785ce572c5b3,270c6abf-f10f-46d3-8745-0da8e4106ac1,1,1,3328.29,,FK violation: order_id b604365a-d93e-4f58-8ca2-785ce572c5b3 not found
b5e284b1-6003-4cc9-b2d8-aba4553c9c51,24f98bd5-a5fb-445b-aa7d-847ac3f111eb,ac19e2ad-f98a-4f19-b878-9dade635d28f,1,,6.99,,quantity <= 0: 0
f954477e-30c7-449e-979d-779fe066c08f,aaa2bca3-fa17-439c-9825-fc26de7b09c3,777d3c09-05a0-4bca-9e0f-10421e29434d,2,4,49.99,,FK violation: order_id aaa2bca3-fa17-439c-9825-fc26de7b09c3 not found
9578dca8-44cb-4d80-b8be-a7037b324c0f,06ca5023-3b0b-4f44-a41e-01afd8e793fa,6fdcb14f-2abb-4b77-8403-9567cbec78bf,4,,10.99,,quantity <= 0: 0
65174d93-22f7-4235-a4e3-4b8be3792d95,65118e63-f3f4-4a59-8195-9b67081e0b5c,0795474a-93e3-4db5-9946-70a104b229ab,3,,4.5,,quantity <= 0: 0
8eb79b8f-dec2-4924-affe-b725efe386de,c9745909-e79d-44ca-8843-000d2e78ebc6,fc4919d5-2c4e-493b-a935-b2afb0b406ab,,1,1923.29,,invalid line_number: 0
925d75fc-1905-4228-b5c6-8b4adc5ba11a,ebc35db1-a8bb-451c-9101-6181cb4b7b3b,c0a7f9b2-883c-4bb6-b15e-753e384c5252,,80,123.79,,invalid line_number: 0
c5183698-41da-4402-991a-46f11293217f,38e1b223-a34a-410f-b1a2-07f68fb9943d,20bf076d-a3b7-4fc4-aa5d-e60d34541694,1,1,9886.49,,FK violation: order_id 38e1b223-a34a-410f-b1a2-07f68fb9943d not found
8e430e08-24e1-40db-a9e0-8c857f2b5629,d45f71ff-8759-46a3-bf85-c6ce34447639,fca8f5ae-7de7-45c9-a9e9-a424448c1711,1,,8163.28,,quantity <= 0: 0
d5c2ab30-c73b-4932-8d87-aa67cc87b225,37b58634-d8b5-4210-91f7-37b2c02f3d87,2becd337-5589-4c24-86fa-aebdc39d7341,1,15,2.5,,FK violation: product_id 2becd337-5589-4c24-86fa-aebdc39d7341 not found
be3a2184-9404-4e51-9932-9d780eb43aff,53711e2c-4e5d-43d9-ba28-e245effddf2c,378693f3-3b00-4a0f-8c4b-7dd7cd8b9279,1,,3929.5,,quantity <= 0: 0
f1bcd8df-3f81-46b5-9cbd-8d43c10cda8f,4102a5c1-6006-4873-bea6-4127f3712bab,add81664-2e68-4dcf-81d4-d57da122fd47,1,,3828.54,,quantity <= 0: 0
c3e65844-4e87-493d-b0c6-8544217e284e,48b4e00d-da9a-4612-8ab8-440def18b0dc,94d282b2-0b35-4f15-83f7-0cd3d6b3b098,,1,9205.16,,invalid line_number: 0
0aa1076e-9337-4456-b533-c32b94f782d0,2291988f-6322-40ff-9085-2d60a38d9870,efd1ab12-323d-4c41-8167-e149787963cd,,1,32.0,,invalid line_number: 0
1c52e654-790d-463d-b698-83047d86b583,0884e87e-054a-4be6-9e25-426f3d4b8a6f,6667b9a1-2c7f-463f-a49b-cf2b0016e407,1,1,5429.74,,FK violation: product_id 6667b9a1-2c7f-463f-a49b-cf2b0016e407 not found
ef2905c7-3ba7-46a9-a412-e30248369a5c,15edb96c-cc6b-412f-9563-477ec8b2aa6a,cdb70d54-7e3d-40ef-af6e-2b1e9c6fdc1c,,21,12.0,,invalid line_number: 0
fd1d48d1-b4fb-44e0-8549-d5b82d852fe8,36697ba2-a393-4f87-95a0-c994bb02e594,2048ab66-e29b-48d1-ad5e-c8185cbb7570,1,,,,quantity <= 0: 0
6b3e28a2-f947-485f-a01c-a257da3d1761,ffd287bd-3a4f-4c8e-9551-aa06a38eed22,fd9cc836-ba17-44fc-b61b-0268fa327669,1,1,6508.0,,FK violation: order_id ffd287bd-3a4f-4c8e-9551-aa06a38eed22 not found
00acf33c-6010-4678-bc21-fb5092793ba1,1e2be095-b342-4a2e-9bef-5f7169e2bb8d,783c6813-10e0-4530-83e5-50716afca7ce,,1,9599.08,,invalid line_number: 0
183897d4-fa1d-4c8b-ac3d-bd170c115f72,4c6c203f-891d-4031-ad85-b1bbb1f2ee47,b78eab47-87dc-4642-a94b-b4c64e60c642,1,1,2572.62,,FK violation: order_id 4c6c203f-891d-4031-ad85-b1bbb1f2ee47 not found
2b087178-1dcb-4ea7-b9e8-f6f7b16871c4,1d668122-d3af-4adf-9da8-9189c471044a,66ffda34-d811-4a53-a105-95a1fce7f126,,4,1099.99,,FK violation: order_id 1d668122-d3af-4adf-9da8-9189c471044a not found
68ac8de3-4b77-4f66-825f-7de861f54429,66ce9836-652c-49d4-ac2d-e321d989f4f3,85522119-7ea0-45a0-961b-67ec8d021e67,2,,7.45,,quantity <= 0: 0
c3242fb8-5de6-4d5e-bd4d-cbb46f15689e,b3754e6a-6069-4370-87e9-58c0ed057473,817c105c-2e58-48eb-b6ed-c4d8410a30f3,,1,4971.17,,invalid line_number: 0
0e323d6b-aad5-4fa2-8d9c-110f56d138fa,7906745c-5b41-4028-9f7b-6a53e12f6b64,1e29a364-16cb-4ff3-818d-c4da669cc49f,,1,5654.82,,invalid line_number: 0
18370c92-cd3c-4bb3-9d06-bb9b6f5798c6,4392b100-9b73-4d87-803d-b4123c37368f,d0a38400-c3b9-45d3-874e-f4b4f51cad25,,1,2635.7,,invalid line_number: 0
3dad4da4-20c0-4251-b9c9-d861f8d34246,15e82c36-258c-44aa-80ea-b76283c24433,01d689c1-7ee1-453e-b9dc-9f5663d0d4e1,1,,8364.75,,quantity <= 0: 0
299ef294-e592-45fd-85ed-68dfdcb12a25,0ceedac7-52dd-4084-9c82-e6a4ff54d4f2,70b4b5bd-fcab-48ad-b3a2-49df32210ce5,1,20,43.9,,FK violation: product_id 70b4b5bd-fcab-48ad-b3a2-49df32210ce5 not found
6609ff62-fd1f-4e18-85a9-f4fe11898c0e,0bdd5551-8bbe-442a-9ab3-974428b33eb1,98a2b2fa-9f4d-431a-a51e-3e7d102914d1,3,30,18.4,,FK violation: order_id 0bdd5551-8bbe-442a-9ab3-974428b33eb1 not found
b1cb019e-806d-42b1-a9c5-ad4a32f6c744,222103c1-68b4-462c-8d02-0b07d6706b58,5d9df1f0-8196-4137-ad6d-0d056e95c6ea,1,1,1658.31,,FK violation: product_id 5d9df1f0-8196-4137-ad6d-0d056e95c6ea not found
deaab003-172d-41c3-b3cc-c98adffaa6c0,df2f5a09-c0dc-4253-a659-a9ac3e08e534,31db27a2-1e65-447e-ac40-390eb98f3848,1,,6449.01,,quantity <= 0: 0
640f7f24-48d7-473b-9175-81759a2c86ad,fc336e5e-d82f-48be-9bd9-2545a982ff49,8c849cf4-7e2e-4b30-bfed-7f9e396bec38,1,1,1743.51,,FK violation: product_id 8c849cf4-7e2e-4b30-bfed-7f9e396bec38 not found
81f695ec-67d5-4010-8c02-7b3a1214651a,c60fde93-4313-4c8d-9c0a-0a1006177b2a,e0903f7f-1169-4385-8d75-9c4a063b9e84,1,,5745.04,,quantity <= 0: 0
9b553069-4f43-48dd-916c-159983ee4e4d,261850d2-2b1c-4ed9-9890-a2da3631243c,e80a5c2a-50f8-4d90-b7d9-1760885cb1dc,1,,7223.81,,quantity <= 0: 0
148a3e1c-e428-4753-b06f-20cee9eb89c0,85de15ec-088d-4bbf-a3c0-d248420a36d8,0d44921f-3bba-49a3-8fc3-a25f9a3a512a,1,1,4923.13,,FK violation: product_id 0d44921f-3bba-49a3-8fc3-a25f9a3a512a not found
d47e5804-3a1c-437a-b016-bb9282eeb26c,a7981d53-0692-4abe-a68b-c9072ede2d42,79bde0a6-7f57-4a31-8141-64624a2acc89,1,,7549.24,,quantity <= 0: 0
6e95543f-5ad1-4f32-8ee7-80e2ee261e9f,e9c188ad-02e1-45f3-9a7e-3a7c8875f362,5ccb475c-d0f6-42e0-a99b-8489fc399416,4,5,12.99,,FK violation: order_id e9c188ad-02e1-45f3-9a7e-3a7c8875f362 not found
2e73fd83-cda6-428f-b50b-4c2571c26212,0742250d-8c9b-4041-af77-cff3be4cbd49,a4201ee7-9c2d-4375-bb07-da7d9397d824,1,5,13.0,,FK violation: order_id 0742250d-8c9b-4041-af77-cff3be4cbd49 not found
f638f369-ac0e-4de0-abfe-a7ca7fd17ed3,d7010d49-224a-462a-b259-c9301f6dd456,03f0c844-da01-4ffd-b949-b27bb7f9cbc6,1,1,8784.55,,FK violation: order_id d7010d49-224a-462a-b259-c9301f6dd456 not found
5c4485e1-ee00-4e90-a296-21818dc27150,2de808fd-74c0-4948-82b6-6923d9744895,28429a4d-2942-4ea6-a108-d76ecbbceca4,1,,1478.37,,quantity <= 0: 0
00218884-6b20-4e3b-9eb1-6e4040269575,54e00b31-8e72-4140-b7bb-e1da8c297513,c0e77e8d-5f8a-49bd-aae9-ad6dda01b0cf,1,,514.17,,quantity <= 0: 0
32ef6a44-4cda-410c-8848-c596e4d6e9eb,141afa9b-4177-462a-a384-9219454571c2,9bca734b-d4d2-409e-bfe8-c907d085394b,,,856.34,,invalid line_number: 0
e0be22ec-82a2-4833-990c-f8b9e3bee0e0,22e1d64b-d454-4888-b7d0-e2e2e550e044,c3153e9e-fbd4-4323-b31b-ff9cb62a6a84,1,,748.16,,quantity <= 0: 0
5f9ba2eb-4b78-4a04-a75e-1414fc253752,7eef5965-287a-47cd-b608-018021f9d949,8d9f6202-c8d2-486c-a3b6-e81aa13dd3a3,1,1,430.88,,FK violation: order_id 7eef5965-287a-47cd-b608-018021f9d949 not found
94a3b526-88c8-40c0-9c54-fb83345a4bd6,4f093188-0093-404a-b567-bc85ec36c256,ec4df87b-922b-4d66-8d23-4f687fbc454d,4,,36999.99,,quantity <= 0: 0
bf05f66f-1ed7-4c21-ba69-3048587f28df,f37c0eeb-20a0-4add-9b92-49826ae755ab,9ad0007e-c963-41a7-beb5-495e4b891923,,20,26.2,,invalid line_number: 0
cc931903-2cc4-44de-96d2-60374f48205c,368d9540-7c6d-43fd-8a80-acde3b5d6aa5,000ddd44-9a07-4055-a24e-d59ea185d25a,4,,12.5,,quantity <= 0: 0
c2e2093d-3069-41b0-959f-954187f7c793,33ff1463-14cc-4d5d-9bbd-30192349ab22,77ba22e8-6aca-471d-8f44-76d2c875715a,1,1,6880.7,,FK violation: order_id 33ff1463-14cc-4d5d-9bbd-30192349ab22 not found
9375f22d-2ad1-4121-b7d8-df615e0e3a00,cb09e1c9-dbbe-4ae3-bb2c-a04fab0ef0b6,37be4bcd-07fa-4d4a-8a93-25fb2642d2bf,,2,45.6,,invalid line_number: 0
9f2b4484-e021-424f-b816-46a85f849ba8,3ec2ae0c-76c0-4c59-98a4-52e98d7e2bda,6f2c51e8-2195-4403-a15b-4cf8966cda2e,,15,81.0,,invalid line_number: 0
f673da64-da72-4175-b87e-dcc958270afa,7cd8013f-8bab-4f2f-bf69-e3eaa0f6328b,a2f5bb90-17b0-4f52-9327-7401ab3ccadb,,1,2019.98,,invalid line_number: 0
c4cce8d2-1545-4ee7-beb9-0bfd40ccf5cd,ff30ab36-d961-49c7-a18f-5fc000be8c55,219e5dd9-e68a-449c-9061-f3efad6e5182,2,,12.99,,FK violation: order_id ff30ab36-d961-49c7-a18f-5fc000be8c55 not found
671f621a-c0dd-4fcc-8fe7-9814e4526057,04870af5-f0cf-43d2-a079-b1743758fabd,726d7898-70b8-419f-ae6e-6d868456219c,,1,8349.17,,invalid line_number: 0
c2b78987-298b-4623-8f9c-eaadfb8966f6,de543d34-0a55-4879-88cc-aea269519a75,319fdb68-f0c9-4823-83d0-89593b9dd45a,2,5,8.99,,FK violation: order_id de543d34-0a55-4879-88cc-aea269519a75 not found
32799b01-d4ef-43fe-a5c6-ddf30b586096,fcc2ce3d-3434-4494-ba67-a9b3932b4100,9c808136-1524-4a2b-8900-386760e2b180,1,1,8767.72,,FK violation: product_id 9c808136-1524-4a2b-8900-386760e2b180 not found
ffc08be7-0cbc-445e-a43f-eb0b292c3bb7,24514a2b-c4a2-4da1-a8fc-ea7e3a9a03a3,221b6960-6f4f-41fd-8df6-f79e4c31ed06,1,1,827.77,,FK violation: order_id 24514a2b-c4a2-4da1-a8fc-ea7e3a9a03a3 not found
037fa49f-ba20-4d26-a1b0-8cbf45a6b4be,ac48a165-60b7-4197-9e46-40a33dde6bd3,efd1ab12-323d-4c41-8167-e149787963cd,2,15,32.0,,FK violation: order_id ac48a165-60b7-4197-9e46-40a33dde6bd3 not found
96539181-1331-4c4d-a58c-770bbf95567d,bcc6b7a8-f541-4613-a30c-866176a48ad8,8189a925-1e71-43c7-8ac8-d63ec73d21c7,1,15,20.7,,FK violation: order_id bcc6b7a8-f541-4613-a30c-866176a48ad8 not found
f1f264f6-1113-4b64-b4b4-2b90cca6e688,f55a7312-8a0f-4a76-b6a9-3c18f2ef4039,757e0fd8-82c6-4ade-bf77-14d74c811b35,1,1,2441.59,,FK violation: order_id f55a7312-8a0f-4a76-b6a9-3c18f2ef4039 not found
a5e428d9-0f60-4661-b2ad-f15bdfdb97b3,97a1bc01-3bbe-4af7-9282-5d9a38bbdc18,cd6cd34e-a284-4b37-b05a-0e8b3a40ed43,,,58992.01330635604,,invalid line_number: 0
f42f798c-f5fa-428e-94d1-f6958370ca1b,bad3e623-dd7c-40e5-a547-f2cd1b3c9422,90fe42e0-55ab-49e1-a643-290664cc537c,,1,6337.92,,invalid line_number: 0
58a6c12e-997d-4110-9e04-c0e242d082c0,40dbd732-e1cd-4abb-8c2e-67b55355ac3b,c4574898-d226-45fd-b707-209c7d08b79e,1,,35.1,,quantity <= 0: 0
a03f5c4c-29c3-4b12-a855-c55331202b69,35d19214-5777-430e-87e2-29fbb104b09e,1e7680ab-bf0f-4855-8e2a-e3fd788e1c48,1,1,8279.4000,,orphaned by duplicate contact: order_line order_id=35d19214-5777-430e-87e2-29fbb104b09e
7d1c890e-8820-4eaa-93b0-40814720047e,1cba4baf-be5d-462a-a547-3aad0697bd78,413c6431-5ddb-4e7c-8897-1a0bb8c8cd61,1,30,31.2300,,orphaned by duplicate contact: order_line order_id=1cba4baf-be5d-462a-a547-3aad0697bd78
feb080f2-3f6d-4e9c-b6c0-996da0f3155e,43a3732d-e519-429d-b60e-975f47b32bd9,d1bc88ab-c3d5-4ce6-8804-f39b986c4986,1,1,8405.6100,,orphaned by duplicate contact: order_line order_id=43a3732d-e519-429d-b60e-975f47b32bd9
d7af1243-e51d-43b6-92e9-7921d3b2d6fc,06ca5023-3b0b-4f44-a41e-01afd8e793fa,141b24d2-c8e0-4f05-97e7-1a8794b55062,3,2,699.9900,,orphaned by duplicate contact: order_line order_id=06ca5023-3b0b-4f44-a41e-01afd8e793fa
4222f2e1-4636-49bb-8429-8a11566f029e,af0f6b9d-8cb1-45d9-aa81-c29d895d4bcf,3727bf6d-e792-4f6e-b218-58498d1a3050,1,1,29.9900,,orphaned by duplicate contact: order_line order_id=af0f6b9d-8cb1-45d9-aa81-c29d895d4bcf
0ea7c4a6-b0b9-4c0c-8833-e73dbb62300f,9088eca2-ec4d-4a94-9893-eef16617f5f5,58e09156-ef52-42fd-a346-c1c6276d57d3,1,50,21.0000,,orphaned by duplicate contact: order_line order_id=9088eca2-ec4d-4a94-9893-eef16617f5f5
b3a5bd21-4e9a-4b28-8aca-08e583025db3,06ca5023-3b0b-4f44-a41e-01afd8e793fa,5863d3ba-71f3-40c0-8d3e-71176850f9a0,1,3,0.0000,,orphaned by duplicate contact: order_line order_id=06ca5023-3b0b-4f44-a41e-01afd8e793fa
b780d524-a127-41ff-b230-153a6d4c2d9c,f710ea85-2e0b-4453-b87d-4b4535c4a63f,0a436c93-b0a7-41e0-ba0f-361ab6b235a4,1,1,7680.2600,,orphaned by duplicate contact: order_line order_id=f710ea85-2e0b-4453-b87d-4b4535c4a63f
cf2e8305-93c4-4970-a8c8-3db23db061de,4c136f55-b812-4585-b02c-c0743f9c3e53,1fead61f-2e97-4ce7-8c19-8bcea91ae3a4,1,1,2656.9900,,orphaned by duplicate contact: order_line order_id=4c136f55-b812-4585-b02c-c0743f9c3e53
0f896b3b-779a-494e-a29f-63840e40a4ea,437e23fd-a98e-4db0-be5e-c8022419d883,01a2eb7d-492c-488b-a08b-4362faf374c5,1,2,9.9900,,orphaned by duplicate contact: order_line order_id=437e23fd-a98e-4db0-be5e-c8022419d883
36e4a022-e251-4242-a69f-9947a22f554a,534da955-d493-4346-853c-9288fffc360e,0ccc88f9-f5d5-4c81-a5de-8fb7a316de9b,1,1,8298.1700,,orphaned by duplicate contact: order_line order_id=534da955-d493-4346-853c-9288fffc360e
09971f3c-8517-4e0b-932b-1381b9c1d340,f979e5ed-b8f8-4ccd-85d4-bac53d366dec,543ea212-ce19-4a21-ac99-1f46d3a266b0,1,1,5831.0200,,orphaned by duplicate contact: order_line order_id=f979e5ed-b8f8-4ccd-85d4-bac53d366dec
ef8c30b8-6f55-4473-b4c9-6fab3901036a,aaec2874-b37d-4d33-a108-80de1f51eeab,88a6e13d-311d-4a8c-b7b8-b9c80d390a4d,1,1,1997.9200,,orphaned by duplicate contact: order_line order_id=aaec2874-b37d-4d33-a108-80de1f51eeab
b88ed2f5-efea-4113-a0f6-7dba89b5ec72,a6be6baa-6e7c-4c08-a873-4688db05afd0,8959ae4c-64d8-4d33-8759-8b5b7bf578e9,1,1,4005.3200,,orphaned by duplicate contact: order_line order_id=a6be6baa-6e7c-4c08-a873-4688db05afd0
452e8166-f818-4669-a4a0-6f2e87525349,efa86b89-d1c5-4c5e-b633-81394ff8a8df,9ad0007e-c963-41a7-beb5-495e4b891923,2,25,32.8000,,orphaned by duplicate contact: order_line order_id=efa86b89-d1c5-4c5e-b633-81394ff8a8df
d5ee94cb-f1f3-4b79-925f-5560eceb4db4,18b73024-db26-48f7-8409-099dd27439de,82dd68a2-0b52-420a-a3a2-6ce7ca418ed1,1,1,8836.3800,,orphaned by duplicate contact: order_line order_id=18b73024-db26-48f7-8409-099dd27439de
24c55abd-d437-4d5c-8ade-299cc28567ea,7357c55d-2f95-4d18-b3c0-6d6baf2f7b7b,51afb17b-3795-4de8-b192-152ce6da1f62,1,1,6727.3600,,orphaned by duplicate contact: order_line order_id=7357c55d-2f95-4d18-b3c0-6d6baf2f7b7b
ade69745-cd32-47f2-b255-1b1f1ba3c4fa,5867c42a-2221-4b6b-bc86-e70a13f73edd,a642f254-a37f-4250-a40f-136281765255,1,1,9359.5700,,orphaned by duplicate contact: order_line order_id=5867c42a-2221-4b6b-bc86-e70a13f73edd
2806e4c4-2fa0-439e-90da-aac11e7d2a70,8c166829-551c-41f0-8f7f-1707da2dd9c5,7bb07f2e-caf7-4d2d-920f-7f39496f19b6,1,1,6317.0400,,orphaned by duplicate contact: order_line order_id=8c166829-551c-41f0-8f7f-1707da2dd9c5
725dd795-830b-4d4e-af05-ee737574c19b,b7058f7f-bee3-4c44-850e-79a122f864a4,51409f74-83d5-4db0-aac9-ec5209063d94,1,1,0.0000,,orphaned by duplicate contact: order_line order_id=b7058f7f-bee3-4c44-850e-79a122f864a4
231e5f46-cb35-494b-8da1-6c8d4ddbd1a9,9088eca2-ec4d-4a94-9893-eef16617f5f5,98a2b2fa-9f4d-431a-a51e-3e7d102914d1,2,10,18.4000,,orphaned by duplicate contact: order_line order_id=9088eca2-ec4d-4a94-9893-eef16617f5f5
d93b2339-b2c7-4773-9d8f-e9b8b55100a9,d979052b-89e8-4c16-9fce-ba265434e7b6,b60159b0-ed10-4bed-8da3-455ac3d3d598,1,15,46.0000,,orphaned by duplicate contact: order_line order_id=d979052b-89e8-4c16-9fce-ba265434e7b6
2409b60b-4fa0-40e5-b21a-307a74006362,f451baaa-c364-43f0-bdcd-24696433ef5e,d91b1e17-2a25-48b9-b413-c7f85ea6a383,1,1,5686.9400,,orphaned by duplicate contact: order_line order_id=f451baaa-c364-43f0-bdcd-24696433ef5e
a7277c56-68c7-4332-940b-7a06ce3efafe,7335b47e-3685-4d84-9170-b5470d9f0d02,434ea7e3-30bc-4b3e-8fc0-d13606a520dc,1,1,412.8800,,orphaned by duplicate contact: order_line order_id=7335b47e-3685-4d84-9170-b5470d9f0d02
3d36042f-0905-4e4b-9f64-ac8ae52af36c,efa86b89-d1c5-4c5e-b633-81394ff8a8df,8f835e09-2954-4848-aa13-d140f455d9e3,1,40,14.0000,,orphaned by duplicate contact: order_line order_id=efa86b89-d1c5-4c5e-b633-81394ff8a8df
8ea3151c-6bad-4010-9856-605c008d513a,482dfad3-0a27-4ebd-b2f7-19e2ef6463d1,2745595c-043b-41e9-88f0-9045c62406ff,1,1,7643.2900,,orphaned by duplicate contact: order_line order_id=482dfad3-0a27-4ebd-b2f7-19e2ef6463d1
e97c7553-2fc4-4c0f-9726-1b6c259089e0,06ca5023-3b0b-4f44-a41e-01afd8e793fa,4cd5ac7c-21ec-41a9-a246-8d158bd020e9,5,3,24.9900,,orphaned by duplicate contact: order_line order_id=06ca5023-3b0b-4f44-a41e-01afd8e793fa
501c6162-7080-44a5-a654-9d70ace80fae,f3bbe1d2-d69c-43ed-bae0-d60ee787654c,6a7f25d4-1d4d-485f-9d13-92598b59bbf3,1,1,8025.7600,,orphaned by duplicate contact: order_line order_id=f3bbe1d2-d69c-43ed-bae0-d60ee787654c
fdd4ecf5-2253-4b06-be84-57b0390b84a9,541b9b46-016b-4626-a76d-1ea52cc36fa3,4e46c834-9c73-4222-a2ca-755d18b17acd,1,1,7392.8300,,orphaned by duplicate contact: order_line order_id=541b9b46-016b-4626-a76d-1ea52cc36fa3
58fe31bc-d94b-4c76-919d-9564aa1e886d,1cba4baf-be5d-462a-a547-3aad0697bd78,4d73048f-d128-41b5-8ab8-9e6056a29686,2,8,0.0000,,orphaned by duplicate contact: order_line order_id=1cba4baf-be5d-462a-a547-3aad0697bd78
66e65e35-62f6-48ee-a1fa-bce865bc4adb,d1d96510-b7d6-4349-ab92-cc5627d1e1e1,9823ac64-7b80-4135-9843-e31cec827ac6,1,1,1173.4000,,orphaned by duplicate contact: order_line order_id=d1d96510-b7d6-4349-ab92-cc5627d1e1e1
c6c99b00-e090-4f72-89c3-709f1f8ace62,aabcf26e-5200-433f-9091-dd2a1996a0c1,0060d925-ee0d-4b8e-8981-564776c53240,1,1,675.3000,,orphaned by duplicate contact: order_line order_id=aabcf26e-5200-433f-9091-dd2a1996a0c1
50b49e89-ecd8-4325-8557-9d4265b65f9a,446ef68b-c57f-4e2a-ad75-b76e2118f4c7,3ef3d07f-f2cf-4cff-9d9d-ce6d096744b6,1,1,9484.2400,,orphaned by duplicate contact: order_line order_id=446ef68b-c57f-4e2a-ad75-b76e2118f4c7
79385f87-0a88-4e10-96ed-5f04ec8ba73c,8833580d-b5f4-4472-a216-7734f9b42cb5,0e82558f-e493-48a8-a0e6-502afb11b783,1,1,9168.1600,,orphaned by duplicate contact: order_line order_id=8833580d-b5f4-4472-a216-7734f9b42cb5
993296ea-91a5-45bd-a0f8-8e732d184f43,af0f6b9d-8cb1-45d9-aa81-c29d895d4bcf,7ccc12e4-ac52-4d47-aee8-3b80ad854433,2,2,49.9900,,orphaned by duplicate contact: order_line order_id=af0f6b9d-8cb1-45d9-aa81-c29d895d4bcf
d522cf65-a6f3-4962-a68a-d6ec245d8386,059c4211-1a31-4158-a3ef-cead4a149da3,8c112cfd-25b8-45e1-bbf8-afd9705a814b,1,1,9042.5900,,orphaned by duplicate contact: order_line order_id=059c4211-1a31-4158-a3ef-cead4a149da3
54693824-20ce-418e-974f-79fb75c00283,5317d122-0cf6-4435-b11d-acd774246b2f,3ce82cee-b90e-403c-942f-239bdeb93945,1,1,7723.2900,,orphaned by duplicate contact: order_line order_id=5317d122-0cf6-4435-b11d-acd774246b2f
1ef25dba-9ae0-4038-be02-5900a94761d0,9088eca2-ec4d-4a94-9893-eef16617f5f5,97625d70-1618-4eb3-971f-4c352aa5cdaa,3,5,19.5000,,orphaned by duplicate contact: order_line order_id=9088eca2-ec4d-4a94-9893-eef16617f5f5
edbcdf1e-bef3-4289-8a0b-ab2d61779953,cc5910bb-8ccc-4f06-889a-61396525a330,6a7f25d4-1d4d-485f-9d13-92598b59bbf3,1,1,9602.3300,,orphaned by duplicate contact: order_line order_id=cc5910bb-8ccc-4f06-889a-61396525a330
0f94977a-581d-4c96-a019-5025f8175548,92cedbe0-e6a6-4fc0-8f1c-b003fa786f73,9af8c84c-07c8-4f26-bd5a-1fb2d9849192,1,1,5403.1000,,orphaned by duplicate contact: order_line order_id=92cedbe0-e6a6-4fc0-8f1c-b003fa786f73
21329010-7039-4820-9a70-3eed66ed3f0d,c10e6dbc-f44f-4b99-920b-cbfe18ba4e3a,26603f24-88d5-42f0-bcb9-fe843d33f7fa,1,1,64766.5070,,orphaned by duplicate contact: order_line order_id=c10e6dbc-f44f-4b99-920b-cbfe18ba4e3a
2d54f30b-695e-4892-941f-2c7d4399ed32,9335a83b-8e82-44d7-a75d-3c1bb31b818f,e6bb5190-d1bc-41eb-879f-aa75819f457e,1,1,135.5300,,orphaned by duplicate contact: order_line order_id=9335a83b-8e82-44d7-a75d-3c1bb31b818f
cff3682d-af78-46d2-9720-9759b7e38db5,d979052b-89e8-4c16-9fce-ba265434e7b6,de9a5761-fd3b-463e-b828-82e3bb263326,2,15,12.7500,,orphaned by duplicate contact: order_line order_id=d979052b-89e8-4c16-9fce-ba265434e7b6
2395f29e-dcb9-456c-964f-9a9eef5304a7,ed3e305b-0f55-4840-8313-c8f5ecea47b6,fa19f1f9-5071-4a25-8359-1fff962a9737,1,1,9471.1800,,orphaned by duplicate contact: order_line order_id=ed3e305b-0f55-4840-8313-c8f5ecea47b6
765fd654-fbe7-498d-a970-1287f4874260,0ea880c8-6a44-44cc-a78f-24cc48f36776,7889ca34-07ed-4fbc-90b5-64061b2fdf58,1,1,7135.3600,,orphaned by duplicate contact: order_line order_id=0ea880c8-6a44-44cc-a78f-24cc48f36776
76cf2f3c-fb62-42f3-822d-cde86088e0c9,e0c9e5f8-9727-4fae-99b6-49199603bc95,915c17e4-3328-4700-a9af-a3c435636827,1,1,9302.8700,,orphaned by duplicate contact: order_line order_id=e0c9e5f8-9727-4fae-99b6-49199603bc95
48a455de-ff71-479c-8099-032c4891d3d0,312e8126-d419-4c3e-a2be-d77d96283c9b,fc4919d5-2c4e-493b-a935-b2afb0b406ab,1,1,40495.4737,,orphaned by duplicate contact: order_line order_id=312e8126-d419-4c3e-a2be-d77d96283c9b
f51fadea-7bd2-4dc3-9e39-305937375bd0,ba265897-7e38-49c1-a75f-80e7321ed2cf,076faf55-7534-4fa2-8112-175dd55099a8,1,1,5654.2300,,orphaned by duplicate contact: order_line order_id=ba265897-7e38-49c1-a75f-80e7321ed2cf
e4307fd6-8ba7-4200-b470-fc4d3f48f2f6,437e23fd-a98e-4db0-be5e-c8022419d883,aac61deb-c8d5-4634-b0e3-e0f2e1909867,2,2,129.9900,,orphaned by duplicate contact: order_line order_id=437e23fd-a98e-4db0-be5e-c8022419d883
06fc2b4c-dde0-4240-8ce9-521dd147fa9b,f8f9d487-9025-4d88-82ca-0946bd3a5c24,460b9245-a2bc-431e-8cd8-95697ecce375,1,1,0.0000,,orphaned by duplicate contact: order_line order_id=f8f9d487-9025-4d88-82ca-0946bd3a5c24
26bc8304-449e-4a45-bc9c-c2e4365b3620,9088eca2-ec4d-4a94-9893-eef16617f5f5,14114769-1f53-4cb6-9e0a-1a69c0a3704c,4,15,55.0000,,orphaned by duplicate contact: order_line order_id=9088eca2-ec4d-4a94-9893-eef16617f5f5
b0254c09-f888-4f89-8373-d11c29b94795,d07e83b8-6ae1-4d66-8ee0-9a99e757dcca,c7ad739b-a7f2-4f8d-9308-98f843139668,1,1,1716.7700,,orphaned by duplicate product sku: c7ad739b-a7f2-4f8d-9308-98f843139668
95d88e60-97ff-4741-b156-dbd8de47fdeb,b2cebd3f-0519-42f7-8eb2-0386ec5803c7,04b65bf4-a632-4e97-ba8b-6031bd10a05f,1,1,3472.5300,,orphaned by duplicate product sku: 04b65bf4-a632-4e97-ba8b-6031bd10a05f
ecc69771-c10f-47bd-bced-89ed81f1b458,239169e4-db02-4f20-af71-df63caafb2ab,04b65bf4-a632-4e97-ba8b-6031bd10a05f,1,1,4421.7700,,orphaned by duplicate product sku: 04b65bf4-a632-4e97-ba8b-6031bd10a05f
45f9a542-3ab7-4854-af3c-1d9cf21b0ca8,41bb850d-9572-44d1-a1d1-227f073d034b,c7ad739b-a7f2-4f8d-9308-98f843139668,1,1,1964.6900,,orphaned by duplicate product sku: c7ad739b-a7f2-4f8d-9308-98f843139668
ed341222-032f-40e7-9c41-5d9952e5ae6a,545356a8-2f20-4c75-a969-196217617a29,04b65bf4-a632-4e97-ba8b-6031bd10a05f,1,1,5570.4200,,orphaned by duplicate product sku: 04b65bf4-a632-4e97-ba8b-6031bd10a05f
c4e21814-d5e2-4e74-9d23-f0bd7f038e45,3e19307f-e2a6-4deb-8e8a-a0c8944ca62b,c7ad739b-a7f2-4f8d-9308-98f843139668,1,1,2337.5100,,orphaned by duplicate product sku: c7ad739b-a7f2-4f8d-9308-98f843139668
