order_id,customer_id,order_date,order_status,currency,order_total,created_at,updated_at,etl_batch_id,source_system,source_record_id,_reject_reason,_quarantine_reason
33ff1463-14cc-4d5d-9bbd-30192349ab22,c7254f19-b469-406a-bbef-7fea134d0ad1,05/20/2026,Cancelled,EGP,6880.7,2026-05-20 19:35:56,,76a67116-4c03-4f8f-8a3a-6637dcecb207,itc_crm,O1607,,invalid order_date: 05/20/2026
9da1dae3-3b09-484f-858f-78b8c304dca6,734459c2-16cf-4130-ae49-f1ee22fb3751,2024-03-10 00:00:00,Shipped,EGP,929.04,2026-05-20 19:35:56,,76a67116-4c03-4f8f-8a3a-6637dcecb207,itc_crm,O512,,FK violation: customer_id 734459c2-16cf-4130-ae49-f1ee22fb3751 not found
884f99d2-0373-4395-8474-f63d10f6688e,540a1d68-85e8-44b1-80b4-0fa182c8b8eb,2025-04-15 00:00:00,Cancelled,EGP,6508.0,2026-05-20 19:35:56,,76a67116-4c03-4f8f-8a3a-6637dcecb207,itc_crm,O1377,,FK violation: customer_id 540a1d68-85e8-44b1-80b4-0fa182c8b8eb not found
f0d291d1-b3e9-4b3e-bc9e-6f64a2d1810a,2e266f60-f68f-44c9-aea6-e2259377e40f,2025-11-19 00:00:00,Cancelled,EGP,5024.44,2026-05-20 19:35:56,,76a67116-4c03-4f8f-8a3a-6637dcecb207,itc_crm,O823,,FK violation: customer_id 2e266f60-f68f-44c9-aea6-e2259377e40f not found
7466f42f-244f-4b65-b9e2-18ba0aaf289d,0dda5df1-deeb-4639-ac35-14884a7a2b2c,2026-04-01 00:00:00,Cancelled,EGP,4378.53,2026-05-20 19:35:56,,76a67116-4c03-4f8f-8a3a-6637dcecb207,itc_crm,O1182,,FK violation: customer_id 0dda5df1-deeb-4639-ac35-14884a7a2b2c not found
df9e63b3-3833-4c3f-a911-87e186a7a385,922adac8-95b1-4c56-8b00-43abe0e5943d,2025-12-05 00:00:00,Cancelled,EGP,1365.65,2026-05-20 19:35:56,,76a67116-4c03-4f8f-8a3a-6637dcecb207,itc_crm,O2916,,FK violation: customer_id 922adac8-95b1-4c56-8b00-43abe0e5943d not found
f5b437b0-e746-436a-bb33-200155f2cf26,01699edd-3c5a-4705-ab51-f8d4e3763728,2025-12-05 00:00:00,Cancelled,EGP,1365.65,2026-05-20 19:35:56,,76a67116-4c03-4f8f-8a3a-6637dcecb207,itc_crm,O2916,,FK violation: customer_id 01699edd-3c5a-4705-ab51-f8d4e3763728 not found
47985d86-2d1c-4e53-b520-dbf10c308d50,193ba20f-0917-4569-8e9a-c4860a694dd3,2025-09-11 00:00:00,Shipped,EGP,1062.94,2026-05-20 19:35:56,,76a67116-4c03-4f8f-8a3a-6637dcecb207,itc_crm,O2370,,FK violation: customer_id 193ba20f-0917-4569-8e9a-c4860a694dd3 not found
40879852-c139-4c29-b2c4-d04fa641422f,56d3c62b-ccff-4dff-a64a-6ae0479a5a8d,2024-08-06 00:00:00,Shipped,EGP,7681.3,2026-05-20 19:35:56,,76a67116-4c03-4f8f-8a3a-6637dcecb207,itc_crm,O2974,,FK violation: customer_id 56d3c62b-ccff-4dff-a64a-6ae0479a5a8d not found
9a0a3388-d8e2-48ea-ae6c-5677ea1cfb91,222e6cc1-a2d6-4379-9185-48aa4af5346d,2024-12-11 00:00:00,Cancelled,EGP,8329.85,2026-05-20 19:35:56,,76a67116-4c03-4f8f-8a3a-6637dcecb207,itc_crm,O2899,,FK violation: customer_id 222e6cc1-a2d6-4379-9185-48aa4af5346d not found
d4d23415-7390-4153-a3d4-383cc80294c2,2e8b2a15-648e-4c09-81c4-0fbe55dc4a27,2024-12-18 00:00:00,Pending,EGP,3470.52,2026-05-20 19:35:56,,76a67116-4c03-4f8f-8a3a-6637dcecb207,itc_crm,O2948,,FK violation: customer_id 2e8b2a15-648e-4c09-81c4-0fbe55dc4a27 not found
bac92971-1552-4731-b8fb-1bc7624fcf90,b5f5cb09-fdc0-4d2f-bcbe-06a02e204e62,1997-10-22 00:00:00,Completed,USD,0.0,2026-05-20 19:35:54,,108b37a8-c0f9-4c3f-86a8-a349f4842569,northwind,nw_ord_10714,,FK violation: customer_id b5f5cb09-fdc0-4d2f-bcbe-06a02e204e62 not found
3a4eda18-9c0b-4c56-ae2e-be5d528e3835,38c8961b-9477-4f08-9524-31e7c7a5c5af,2024-11-20 00:00:00,Pending,EGP,4270.07,2026-05-20 19:35:56,,76a67116-4c03-4f8f-8a3a-6637dcecb207,itc_crm,O2580,,FK violation: customer_id 38c8961b-9477-4f08-9524-31e7c7a5c5af not found
0bdd5551-8bbe-442a-9ab3-974428b33eb1,8d44569d-006e-446d-aa1c-25beca164995,2026-13-45,Completed,USD,0.0,2026-05-20 19:35:54,,108b37a8-c0f9-4c3f-86a8-a349f4842569,northwind,nw_ord_10811,,invalid order_date: 2026-13-45
447fe5c2-d565-40c1-a147-460f6c5299eb,7ed34c69-515b-41d8-86fc-b4a68586a8bc,1998-02-04 00:00:00,Completed,USD,0.0,2026-05-20 19:35:54,,108b37a8-c0f9-4c3f-86a8-a349f4842569,northwind,nw_ord_10995,,FK violation: customer_id 7ed34c69-515b-41d8-86fc-b4a68586a8bc not found
91723a0e-b160-4bca-b125-3897fd739c3d,d6c10665-05a7-4e60-b645-125c0f8e1852,2024-08-31 00:00:00,Shipped,EGP,4945.18,2026-05-20 19:35:56,,76a67116-4c03-4f8f-8a3a-6637dcecb207,itc_crm,O2861,,FK violation: customer_id d6c10665-05a7-4e60-b645-125c0f8e1852 not found
840e9338-9608-4499-a120-5c12be9b1971,f6ba6941-9652-4db0-bf49-6dd5206ea19d,1997-05-09 00:00:00,Completed,USD,0.0,2026-05-20 19:35:54,,108b37a8-c0f9-4c3f-86a8-a349f4842569,northwind,nw_ord_10659,,FK violation: customer_id f6ba6941-9652-4db0-bf49-6dd5206ea19d not found
bb22372e-9353-472e-abe1-8239cbb04b34,1d34dece-2c8a-4fe5-a1b2-c1e30e1edf5d,2026-04-16 00:00:00,Shipped,EGP,4986.6,2026-05-20 19:35:56,,76a67116-4c03-4f8f-8a3a-6637dcecb207,itc_crm,O2966,,FK violation: customer_id 1d34dece-2c8a-4fe5-a1b2-c1e30e1edf5d not found
0e26c532-0ead-4381-93da-4a427d93737c,960c318f-488c-4226-945d-0c3e6be45352,2025-05-23 00:00:00,Shipped,EGP,5960.11,2026-05-20 19:35:56,,76a67116-4c03-4f8f-8a3a-6637dcecb207,itc_crm,O2875,,FK violation: customer_id 960c318f-488c-4226-945d-0c3e6be45352 not found
b716e895-ac67-4c0b-87fc-e63c9d5fb25c,12ad2ba9-35c0-48ba-afed-02eb5bc1192e,2026-13-45,Shipped,EGP,3139.23,2026-05-20 19:35:56,,76a67116-4c03-4f8f-8a3a-6637dcecb207,itc_crm,O1655,,invalid order_date: 2026-13-45
168c453c-7220-4aaa-83bb-fd5af42d7cb1,7191f577-246a-4121-87e6-86404dc21e03,2026-13-45,Pending,EGP,4792.09,2026-05-20 19:35:56,,76a67116-4c03-4f8f-8a3a-6637dcecb207,itc_crm,O1690,,invalid order_date: 2026-13-45
5723732e-10a6-44e9-bd99-f5eab06f9c03,0c14d7d1-d384-4a4a-8178-7648db6e1f51,2025-04-08 00:00:00,Cancelled,EGP,9308.27,2026-05-20 19:35:56,,76a67116-4c03-4f8f-8a3a-6637dcecb207,itc_crm,O1917,,FK violation: customer_id 0c14d7d1-d384-4a4a-8178-7648db6e1f51 not found
92560eac-9848-40ae-bf7b-12a12d3bf39b,eae366c6-ea79-4482-9a94-39b40357aca1,2025-12-04 00:00:00,Cancelled,EGP,3381.38,2026-05-20 19:35:56,,76a67116-4c03-4f8f-8a3a-6637dcecb207,itc_crm,O480,,FK violation: customer_id eae366c6-ea79-4482-9a94-39b40357aca1 not found
e4a76ac0-53bb-46a4-bf09-6ae014e7b288,3b6f585e-5126-4ca0-9744-d5b1fb3c3701,2024-08-29 00:00:00,Pending,EGP,,2026-05-20 19:35:56,,76a67116-4c03-4f8f-8a3a-6637dcecb207,itc_crm,O2712,,FK violation: customer_id 3b6f585e-5126-4ca0-9744-d5b1fb3c3701 not found
aaa2bca3-fa17-439c-9825-fc26de7b09c3,8adb2b57-e8ef-49ba-816c-23f5adbc3092,2026-04-29 00:00:00,Completed,USD,2675.8,2026-05-20 19:35:54,,108b37a8-c0f9-4c3f-86a8-a349f4842569,dummyjson,dj_cart_142,,FK violation: customer_id 8adb2b57-e8ef-49ba-816c-23f5adbc3092 not found
08099b34-d382-4a18-85df-3f759bda157d,0c14d7d1-d384-4a4a-8178-7648db6e1f51,2024-07-28 00:00:00,Cancelled,EGP,3625.35,2026-05-20 19:35:56,,76a67116-4c03-4f8f-8a3a-6637dcecb207,itc_crm,O273,,FK violation: customer_id 0c14d7d1-d384-4a4a-8178-7648db6e1f51 not found
ecf537a7-6361-407e-9076-7a3b061357d1,7a6194f1-0b4c-4061-8b95-d33c53ee57b4,2025-12-25 00:00:00,Pending,EGP,6037.46,2026-05-20 19:35:56,,76a67116-4c03-4f8f-8a3a-6637dcecb207,itc_crm,O2327,,FK violation: customer_id 7a6194f1-0b4c-4061-8b95-d33c53ee57b4 not found
3e35eb10-d443-43c3-a881-286b8cd5eb03,d3038b37-f382-4053-8e94-fcc7e9d61709,2025-04-06 00:00:00,Shipped,EGP,1975.38,2026-05-20 19:35:56,,76a67116-4c03-4f8f-8a3a-6637dcecb207,itc_crm,O1916,,FK violation: customer_id d3038b37-f382-4053-8e94-fcc7e9d61709 not found
1d668122-d3af-4adf-9da8-9189c471044a,8d471a01-ab1e-46f9-af06-3db0f3233061,2026-04-29 00:00:00,Completed,USD,4711.88,2026-05-20 19:35:54,,108b37a8-c0f9-4c3f-86a8-a349f4842569,dummyjson,dj_cart_20,,FK violation: customer_id 8d471a01-ab1e-46f9-af06-3db0f3233061 not found
01eee20b-879d-4602-a792-3c279aa686eb,c4be0300-21b8-4b50-a7f8-abf7bd10927c,2024-09-06 00:00:00,Shipped,EGP,6021.57,2026-05-20 19:35:56,,76a67116-4c03-4f8f-8a3a-6637dcecb207,itc_crm,O2349,,FK violation: customer_id c4be0300-21b8-4b50-a7f8-abf7bd10927c not found
15729311-831a-467b-a84b-580fe5ef938b,734459c2-16cf-4130-ae49-f1ee22fb3751,2025-06-12 00:00:00,Shipped,EGP,519.47,2026-05-20 19:35:56,,76a67116-4c03-4f8f-8a3a-6637dcecb207,itc_crm,O677,,FK violation: customer_id 734459c2-16cf-4130-ae49-f1ee22fb3751 not found
9c6c3737-0ca5-4dd6-8c8d-63b777661e22,6f8c7641-97fb-4d54-b97e-e7f89ca0fddf,2024-03-08 00:00:00,Cancelled,EGP,920.99,2026-05-20 19:35:56,,76a67116-4c03-4f8f-8a3a-6637dcecb207,itc_crm,O2049,,FK violation: customer_id 6f8c7641-97fb-4d54-b97e-e7f89ca0fddf not found
1dd5660a-71ff-42c4-a7f3-0a5eee1e2ebe,5ceaf371-51f9-48fe-b931-26c0dedb0ca0,2024-05-06 00:00:00,Pending,EGP,5410.51,2026-05-20 19:35:56,,76a67116-4c03-4f8f-8a3a-6637dcecb207,itc_crm,O1436,,FK violation: customer_id 5ceaf371-51f9-48fe-b931-26c0dedb0ca0 not found
3c315045-41c3-45d2-b8bd-6ac43fee5638,eed9b996-228a-4bd9-8920-9826625aad8f,2026-13-45,Pending,EGP,7871.57,2026-05-20 19:35:56,,76a67116-4c03-4f8f-8a3a-6637dcecb207,itc_crm,O1752,,invalid order_date: 2026-13-45
60b6e164-ba21-4217-998c-e57022aaf370,dc4c6dec-3dca-45e1-b37b-549a4293bcb6,2024-02-10 00:00:00,,EGP,1341.08,2026-05-20 19:35:56,,76a67116-4c03-4f8f-8a3a-6637dcecb207,itc_crm,O761,,FK violation: customer_id dc4c6dec-3dca-45e1-b37b-549a4293bcb6 not found
dc0029bc-06c2-4983-b9b6-7f17a3dc7ad9,556e2588-7a42-4cc9-ab93-8421bc927e37,2024-06-14 00:00:00,,EGP,4770.8,2026-05-20 19:35:56,,76a67116-4c03-4f8f-8a3a-6637dcecb207,itc_crm,O2094,,FK violation: customer_id 556e2588-7a42-4cc9-ab93-8421bc927e37 not found
71714a03-bba9-48b3-a2c7-fd90b1d62a6a,69d74ea0-fac1-4a99-8372-43b9e25b3a32,2025-09-09 00:00:00,Pending,EGP,7279.17,2026-05-20 19:35:56,,76a67116-4c03-4f8f-8a3a-6637dcecb207,itc_crm,O537,,FK violation: customer_id 69d74ea0-fac1-4a99-8372-43b9e25b3a32 not found
80b8f6f6-5ed7-4394-a312-1d6b97b17555,bbe6d146-8600-41c9-b3e2-1a75afd87384,2026-07-01 00:00:00,Cancelled,EGP,9287.05,2026-05-20 19:35:56,,76a67116-4c03-4f8f-8a3a-6637dcecb207,itc_crm,O599,,FK violation: customer_id bbe6d146-8600-41c9-b3e2-1a75afd87384 not found
e9c188ad-02e1-45f3-9a7e-3a7c8875f362,07ad3353-cfae-4f47-a9f0-c61f636bf678,2026-04-29 00:00:00,Completed,USD,22694.77,2026-05-20 19:35:54,,108b37a8-c0f9-4c3f-86a8-a349f4842569,dummyjson,dj_cart_200,,FK violation: customer_id 07ad3353-cfae-4f47-a9f0-c61f636bf678 not found
5bdba800-9aea-4779-891a-f580163fa270,5b097900-5c68-4669-a646-8b8e20d6c088,2026-13-45,Cancelled,EGP,3039.18,2026-05-20 19:35:56,,76a67116-4c03-4f8f-8a3a-6637dcecb207,itc_crm,O494,,invalid order_date: 2026-13-45
331c9d2b-d41c-40a0-88cb-8028a4fb12e8,22c790da-e173-4a91-bd54-63793b765acd,2025-10-06 00:00:00,Shipped,EGP,8035.57,2026-05-20 19:35:56,,76a67116-4c03-4f8f-8a3a-6637dcecb207,itc_crm,O662,,FK violation: customer_id 22c790da-e173-4a91-bd54-63793b765acd not found
ffec94e6-82fd-4554-b08f-1a87b9565ef5,51af2c62-1774-4e31-bbcd-2702e5935aa9,2024-07-29 00:00:00,Cancelled,EGP,7132.38,2026-05-20 19:35:56,,76a67116-4c03-4f8f-8a3a-6637dcecb207,itc_crm,O727,,FK violation: customer_id 51af2c62-1774-4e31-bbcd-2702e5935aa9 not found
7eef5965-287a-47cd-b608-018021f9d949,233343dd-648c-487c-a8a4-41e7097a3bdc,2024-06-28 00:00:00,Pending,EGP,430.88,2026-05-20 19:35:56,,76a67116-4c03-4f8f-8a3a-6637dcecb207,itc_crm,O486,,FK violation: customer_id 233343dd-648c-487c-a8a4-41e7097a3bdc not found
56c28444-3687-48e7-b7a6-16b5bd1c5f92,febdff09-eb2d-4403-a8dc-dd119f073bb3,2024-09-07 00:00:00,Pending,EGP,9889.12,2026-05-20 19:35:56,,76a67116-4c03-4f8f-8a3a-6637dcecb207,itc_crm,O1906,,FK violation: customer_id febdff09-eb2d-4403-a8dc-dd119f073bb3 not found
ecec9359-8c81-43f0-a0ba-b709050a355b,c1c9e1b7-b90a-40d4-ac73-004c50db8913,2026-13-45,Pending,EGP,2131.7,2026-05-20 19:35:56,,76a67116-4c03-4f8f-8a3a-6637dcecb207,itc_crm,O1440,,invalid order_date: 2026-13-45
aadf2012-2ff8-45aa-af65-434e7d67fe9f,b71ece71-718c-470e-8c23-74c640321ec4,2024-10-17 00:00:00,Pending,EGP,1704.63,2026-05-20 19:35:56,,76a67116-4c03-4f8f-8a3a-6637dcecb207,itc_crm,O1047,,FK violation: customer_id b71ece71-718c-470e-8c23-74c640321ec4 not found
342fe623-baa4-4652-92f8-dde997859605,193ba20f-0917-4569-8e9a-c4860a694dd3,2026-11-03 00:00:00,Pending,EGP,4068.89,2026-05-20 19:35:56,,76a67116-4c03-4f8f-8a3a-6637dcecb207,itc_crm,O2566,,FK violation: customer_id 193ba20f-0917-4569-8e9a-c4860a694dd3 not found
323cd07a-739b-4c07-b0b5-58966e8932c6,33660965-2753-41c5-b591-37678f743b5d,2025-10-19 00:00:00,Cancelled,EGP,2808.05,2026-05-20 19:35:56,,76a67116-4c03-4f8f-8a3a-6637dcecb207,itc_crm,O586,,FK violation: customer_id 33660965-2753-41c5-b591-37678f743b5d not found
12a724c4-ca55-47cb-af51-81274b30354a,a69d6826-abdb-46fe-a121-83373c64f581,2025-03-08 00:00:00,Shipped,EGP,7464.22,2026-05-20 19:35:56,,76a67116-4c03-4f8f-8a3a-6637dcecb207,itc_crm,O1283,,FK violation: customer_id a69d6826-abdb-46fe-a121-83373c64f581 not found
69b5f1bd-48e7-422e-8b6e-b269a4c21c95,dc4c6dec-3dca-45e1-b37b-549a4293bcb6,2026-01-19 00:00:00,Shipped,EGP,1427.5,2026-05-20 19:35:56,,76a67116-4c03-4f8f-8a3a-6637dcecb207,itc_crm,O1833,,FK violation: customer_id dc4c6dec-3dca-45e1-b37b-549a4293bcb6 not found
ffd287bd-3a4f-4c8e-9551-aa06a38eed22,dfd6ea6b-4e07-47aa-820e-d0daf3f356a7,2025-04-15 00:00:00,Cancelled,EGP,6508.0,2026-05-20 19:35:56,,76a67116-4c03-4f8f-8a3a-6637dcecb207,itc_crm,O1377,,FK violation: customer_id dfd6ea6b-4e07-47aa-820e-d0daf3f356a7 not found
25dcf955-7303-4066-a748-df9af0479e63,7850fd3e-6a48-48eb-afa4-a81e4bde2c09,2024-08-27 00:00:00,Cancelled,EGP,8499.46,2026-05-20 19:35:56,,76a67116-4c03-4f8f-8a3a-6637dcecb207,itc_crm,O1376,,FK violation: customer_id 7850fd3e-6a48-48eb-afa4-a81e4bde2c09 not found
f06e04b9-ffe7-4fb4-a0a9-f1c2c2e96986,233343dd-648c-487c-a8a4-41e7097a3bdc,2026-10-03 00:00:00,Pending,EGP,3626.85,2026-05-20 19:35:56,,76a67116-4c03-4f8f-8a3a-6637dcecb207,itc_crm,O1331,,FK violation: customer_id 233343dd-648c-487c-a8a4-41e7097a3bdc not found
7f34faa1-1d5e-4c22-8a3e-f677ba0533a4,51286754-82e7-4700-8d03-d64a2045e92e,2024-12-30 00:00:00,Pending,EGP,5397.71,2026-05-20 19:35:56,,76a67116-4c03-4f8f-8a3a-6637dcecb207,itc_crm,O2305,,FK violation: customer_id 51286754-82e7-4700-8d03-d64a2045e92e not found
10d4eafa-afcf-4528-ad70-b3c35fdbef6a,fd347d1d-c8c4-4bf5-a59b-3aa02d7f7799,2026-13-45,Pending,EGP,,2026-05-20 19:35:56,,76a67116-4c03-4f8f-8a3a-6637dcecb207,itc_crm,O2644,,invalid order_date: 2026-13-45
edb12038-dc84-4ce5-ad40-84ae042c6754,9848b2b1-c04a-452a-8301-2fc9b02073e8,2024-08-27 00:00:00,Cancelled,EGP,9043.47,2026-05-20 19:35:56,,76a67116-4c03-4f8f-8a3a-6637dcecb207,itc_crm,O2857,,FK violation: customer_id 9848b2b1-c04a-452a-8301-2fc9b02073e8 not found
b034b12f-27c0-410d-a209-ad9ac82e62b6,2fc3138c-946f-4286-a186-7ff3c40b9488,2026-01-19 00:00:00,pending,EGP,339040.8102650663,2026-05-20 19:35:56,,76a67116-4c03-4f8f-8a3a-6637dcecb207,itc_crm,O1797,,FK violation: customer_id 2fc3138c-946f-4286-a186-7ff3c40b9488 not found
cd88beb5-f864-4da5-bd1e-aa8b73d984da,8b9cb30e-cead-463d-a8d9-6c7a01fc6e93,2024-10-22 00:00:00,Pending,EGP,,2026-05-20 19:35:56,,76a67116-4c03-4f8f-8a3a-6637dcecb207,itc_crm,O90,,FK violation: customer_id 8b9cb30e-cead-463d-a8d9-6c7a01fc6e93 not found
8db87343-4ce4-47de-a811-7d245b86913b,2b1ffc99-7326-4fff-81f7-5399d6082383,2025-06-19 00:00:00,Cancelled,EGP,2310.58,2026-05-20 19:35:56,,76a67116-4c03-4f8f-8a3a-6637dcecb207,itc_crm,O2088,,FK violation: customer_id 2b1ffc99-7326-4fff-81f7-5399d6082383 not found
5fd11a20-b12e-4ebf-a095-ac4332d85641,dc4c6dec-3dca-45e1-b37b-549a4293bcb6,2024-10-26 00:00:00,Pending,EGP,8717.32,2026-05-20 19:35:56,,76a67116-4c03-4f8f-8a3a-6637dcecb207,itc_crm,O562,,FK violation: customer_id dc4c6dec-3dca-45e1-b37b-549a4293bcb6 not found
38e1b223-a34a-410f-b1a2-07f68fb9943d,69d74ea0-fac1-4a99-8372-43b9e25b3a32,2025-06-21 00:00:00,Pending,EGP,9886.49,2026-05-20 19:35:56,,76a67116-4c03-4f8f-8a3a-6637dcecb207,itc_crm,O893,,FK violation: customer_id 69d74ea0-fac1-4a99-8372-43b9e25b3a32 not found
92789d6a-b1b9-4383-a44b-32eafe5af1f8,7b6c0427-cc66-4bd3-97b2-9d9635093bc3,2025-03-29 00:00:00,Pending,EGP,6407.46,2026-05-20 19:35:56,,76a67116-4c03-4f8f-8a3a-6637dcecb207,itc_crm,O2320,,FK violation: customer_id 7b6c0427-cc66-4bd3-97b2-9d9635093bc3 not found
25d08efe-0512-437a-95fc-fb8d66cd241c,bbe6d146-8600-41c9-b3e2-1a75afd87384,2026-02-28 00:00:00,Pending,EGP,,2026-05-20 19:35:56,,76a67116-4c03-4f8f-8a3a-6637dcecb207,itc_crm,O459,,FK violation: customer_id bbe6d146-8600-41c9-b3e2-1a75afd87384 not found
b54afe8e-3e97-474e-a905-e26f3216bfd8,5bab36a2-647f-4d82-b794-03068e6e68f8,2025-11-21 00:00:00,Pending,EGP,7338.69,2026-05-20 19:35:56,,76a67116-4c03-4f8f-8a3a-6637dcecb207,itc_crm,O1995,,FK violation: customer_id 5bab36a2-647f-4d82-b794-03068e6e68f8 not found
a352ecb9-f4f1-4abf-a94a-912039665eed,93c2cdfb-56aa-4de1-98de-e5ed7af92937,2026-13-45,,EGP,9333.39,2026-05-20 19:35:56,,76a67116-4c03-4f8f-8a3a-6637dcecb207,itc_crm,O1151,,invalid order_date: 2026-13-45
1402761b-ce0f-4532-bb13-a7f05dc8dc36,aee11131-669c-4dc8-914c-b91236988f66,2026-03-25 00:00:00,Shipped,EGP,7767.42,2026-05-20 19:35:56,,76a67116-4c03-4f8f-8a3a-6637dcecb207,itc_crm,O2891,,FK violation: customer_id aee11131-669c-4dc8-914c-b91236988f66 not found
f55a7312-8a0f-4a76-b6a9-3c18f2ef4039,233343dd-648c-487c-a8a4-41e7097a3bdc,2024-12-25 00:00:00,Shipped,EGP,2441.59,2026-05-20 19:35:56,,76a67116-4c03-4f8f-8a3a-6637dcecb207,itc_crm,O592,,FK violation: customer_id 233343dd-648c-487c-a8a4-41e7097a3bdc not found
5e636bc2-8bd6-4d52-b6aa-aa49e1d85cca,d8b0761f-c57c-4038-97ee-495626648b1a,2026-13-45,Completed,USD,0.0,2026-05-20 19:35:54,,108b37a8-c0f9-4c3f-86a8-a349f4842569,northwind,nw_ord_10389,,invalid order_date: 2026-13-45
41e2d498-dc8f-46e8-b0e5-b62fa288789a,d7720ea3-b6f0-4a81-882f-5417125293a0,05/20/2026,,EGP,4599.45,2026-05-20 19:35:56,,76a67116-4c03-4f8f-8a3a-6637dcecb207,itc_crm,O1854,,invalid order_date: 05/20/2026
00c9e778-3295-4f10-8a9e-912bb2f9cc65,eb70c2bd-4767-42fe-bc31-879f7eb041a3,2026-04-16 00:00:00,Pending,EGP,9585.24,2026-05-20 19:35:56,,76a67116-4c03-4f8f-8a3a-6637dcecb207,itc_crm,O1490,,FK violation: customer_id eb70c2bd-4767-42fe-bc31-879f7eb041a3 not found
315c756d-7a57-4858-a8cd-ca19eefa3baf,cde970a4-4f7e-4623-a9c6-b966aa54b916,2024-03-08 00:00:00,Cancelled,EGP,3347.0,2026-05-20 19:35:56,,76a67116-4c03-4f8f-8a3a-6637dcecb207,itc_crm,O2613,,FK violation: customer_id cde970a4-4f7e-4623-a9c6-b966aa54b916 not found
d24e2fe0-6bb8-4f27-8731-9cca71bc9497,d5843363-df24-41f2-9756-3d6815d8413d,2026-04-13 00:00:00,Cancelled,EGP,6645.32,2026-05-20 19:35:56,,76a67116-4c03-4f8f-8a3a-6637dcecb207,itc_crm,O1557,,FK violation: customer_id d5843363-df24-41f2-9756-3d6815d8413d not found
79815b49-5b91-47d7-bd62-b7e72c0d4030,0c14d7d1-d384-4a4a-8178-7648db6e1f51,2026-12-02 00:00:00,Pending,EGP,,2026-05-20 19:35:56,,76a67116-4c03-4f8f-8a3a-6637dcecb207,itc_crm,O1807,,FK violation: customer_id 0c14d7d1-d384-4a4a-8178-7648db6e1f51 not found
24514a2b-c4a2-4da1-a8fc-ea7e3a9a03a3,dfd6ea6b-4e07-47aa-820e-d0daf3f356a7,2026-04-28 00:00:00,Pending,EGP,,2026-05-20 19:35:56,,76a67116-4c03-4f8f-8a3a-6637dcecb207,itc_crm,O752,,FK violation: customer_id dfd6ea6b-4e07-47aa-820e-d0daf3f356a7 not found
26201e72-32da-40f6-9c38-ed3af01d72e6,5d3944bf-8178-48fe-9fd5-229ec00f4494,2024-09-11 00:00:00,Cancelled,EGP,327.42,2026-05-20 19:35:56,,76a67116-4c03-4f8f-8a3a-6637dcecb207,itc_crm,O707,,FK violation: customer_id 5d3944bf-8178-48fe-9fd5-229ec00f4494 not found
c4584da1-28c7-47a2-8064-8e0b064e114c,2e266f60-f68f-44c9-aea6-e2259377e40f,2026-01-16 00:00:00,Cancelled,EGP,4470.07,2026-05-20 19:35:56,,76a67116-4c03-4f8f-8a3a-6637dcecb207,itc_crm,O1340,,FK violation: customer_id 2e266f60-f68f-44c9-aea6-e2259377e40f not found
38b7c0ef-c17b-4f68-add2-aa3256a845b6,7b4c0482-f478-4560-b059-56153862e9f9,2025-12-04 00:00:00,Pending,EGP,9361.28,2026-05-20 19:35:56,,76a67116-4c03-4f8f-8a3a-6637dcecb207,itc_crm,O1394,,FK violation: customer_id 7b4c0482-f478-4560-b059-56153862e9f9 not found
9cfa9618-3d93-453a-ab88-f9277fc53d36,22c790da-e173-4a91-bd54-63793b765acd,2026-01-16 00:00:00,Shipped,EGP,9011.18,2026-05-20 19:35:56,,76a67116-4c03-4f8f-8a3a-6637dcecb207,itc_crm,O399,,FK violation: customer_id 22c790da-e173-4a91-bd54-63793b765acd not found
5f00fddd-7a49-4ad7-8b67-44677c080288,909ccdb4-feca-4b8b-8165-eed9f41d82fb,2024-06-17 00:00:00,Cancelled,EGP,6035.39,2026-05-20 19:35:56,,76a67116-4c03-4f8f-8a3a-6637dcecb207,itc_crm,O1176,,FK violation: customer_id 909ccdb4-feca-4b8b-8165-eed9f41d82fb not found
e139a37b-ca7d-471e-8555-5458ef7dab72,019f9422-5228-45d4-872c-dc0edeaa941f,2026-09-01 00:00:00,Shipped,EGP,105.75,2026-05-20 19:35:56,,76a67116-4c03-4f8f-8a3a-6637dcecb207,itc_crm,O1473,,FK violation: customer_id 019f9422-5228-45d4-872c-dc0edeaa941f not found
6e2d7a25-15e6-4913-b99a-1f7eb7deb73c,f2f51c7b-6822-48c3-b607-31a60894a736,2024-08-24 00:00:00,Cancelled,EGP,6383.64,2026-05-20 19:35:56,,76a67116-4c03-4f8f-8a3a-6637dcecb207,itc_crm,O2296,,FK violation: customer_id f2f51c7b-6822-48c3-b607-31a60894a736 not found
b604365a-d93e-4f58-8ca2-785ce572c5b3,dfd6ea6b-4e07-47aa-820e-d0daf3f356a7,2026-01-17 00:00:00,Pending,EGP,3328.29,2026-05-20 19:35:56,,76a67116-4c03-4f8f-8a3a-6637dcecb207,itc_crm,O1281,,FK violation: customer_id dfd6ea6b-4e07-47aa-820e-d0daf3f356a7 not found
7f6836af-6e41-409e-97f7-3a2c4144f705,0c14d7d1-d384-4a4a-8178-7648db6e1f51,2024-02-06 00:00:00,,EGP,4023.23,2026-05-20 19:35:56,,76a67116-4c03-4f8f-8a3a-6637dcecb207,itc_crm,O2451,,FK violation: customer_id 0c14d7d1-d384-4a4a-8178-7648db6e1f51 not found
7e54f79c-9f14-4b83-b29c-f5a9ecead14d,2d506bdd-a3bb-43bc-a73f-36243f2c3fc7,2025-01-29 00:00:00,Cancelled,EGP,2247.54,2026-05-20 19:35:56,,76a67116-4c03-4f8f-8a3a-6637dcecb207,itc_crm,O2732,,FK violation: customer_id 2d506bdd-a3bb-43bc-a73f-36243f2c3fc7 not found
7611aa26-9506-4401-88e1-9a98c1dc965f,22c790da-e173-4a91-bd54-63793b765acd,2024-05-26 00:00:00,SHIPPED,EGP,924.74,2026-05-20 19:35:56,,76a67116-4c03-4f8f-8a3a-6637dcecb207,itc_crm,O1714,,FK violation: customer_id 22c790da-e173-4a91-bd54-63793b765acd not found
f737112e-1519-4a5f-9ebf-b8855a29093b,0b00f76c-e2eb-45c3-a281-378a89f2f5db,2024-08-27 00:00:00,Cancelled,EGP,8499.46,2026-05-20 19:35:56,,76a67116-4c03-4f8f-8a3a-6637dcecb207,itc_crm,O1376,,FK violation: customer_id 0b00f76c-e2eb-45c3-a281-378a89f2f5db not found
1357cb80-2185-4e00-9eb9-b6985e8d9068,a1424b9b-d341-4cb3-b170-896d9170fd80,2024-10-18 00:00:00,Cancelled,EGP,1718.8,2026-05-20 19:35:56,,76a67116-4c03-4f8f-8a3a-6637dcecb207,itc_crm,O1764,,FK violation: customer_id a1424b9b-d341-4cb3-b170-896d9170fd80 not found
832d59a8-c985-4780-9552-6e98029bfa54,767aaf14-d3b4-431c-b8e4-876b68d42e1e,2024-06-07 00:00:00,Cancelled,EGP,5568.65,2026-05-20 19:35:56,,76a67116-4c03-4f8f-8a3a-6637dcecb207,itc_crm,O684,,FK violation: customer_id 767aaf14-d3b4-431c-b8e4-876b68d42e1e not found
d7010d49-224a-462a-b259-c9301f6dd456,d5843363-df24-41f2-9756-3d6815d8413d,2024-12-08 00:00:00,,EGP,8784.55,2026-05-20 19:35:56,,76a67116-4c03-4f8f-8a3a-6637dcecb207,itc_crm,O1643,,FK violation: customer_id d5843363-df24-41f2-9756-3d6815d8413d not found
ff30ab36-d961-49c7-a18f-5fc000be8c55,1f9d1809-8998-46e1-998e-df7d0762ba1b,2026-04-29 00:00:00,Completed,USD,2851.92,2026-05-20 19:35:54,,108b37a8-c0f9-4c3f-86a8-a349f4842569,dummyjson,dj_cart_62,,FK violation: customer_id 1f9d1809-8998-46e1-998e-df7d0762ba1b not found
b76f4449-10e2-49a8-9208-d2473712449a,e66a458a-7d76-4702-a47c-aeda397eba3d,2026-13-45,Cancelled,EGP,8099.01,2026-05-20 19:35:56,,76a67116-4c03-4f8f-8a3a-6637dcecb207,itc_crm,O1253,,invalid order_date: 2026-13-45
7335b47e-3685-4d84-9170-b5470d9f0d02,b1b8d5ca-0a4a-4e8d-914e-53e6cf2997f0,2026-04-29 00:00:00,Cancelled,EGP,412.8800,2026-05-20 19:35:56,,76a67116-4c03-4f8f-8a3a-6637dcecb207,itc_crm,O1088,,orphaned by duplicate contact: order customer_id=b1b8d5ca-0a4a-4e8d-914e-53e6cf2997f0
f979e5ed-b8f8-4ccd-85d4-bac53d366dec,d01cdf26-99de-402f-b945-5c2cb07fb9a7,2025-06-30 00:00:00,Shipped,EGP,5831.0200,2026-05-20 19:35:56,,76a67116-4c03-4f8f-8a3a-6637dcecb207,itc_crm,O1230,,orphaned by duplicate contact: order customer_id=d01cdf26-99de-402f-b945-5c2cb07fb9a7
059c4211-1a31-4158-a3ef-cead4a149da3,69889007-3d4a-4e26-8491-12664609212c,2025-11-08 00:00:00,,EGP,9042.5900,2026-05-20 19:35:56,,76a67116-4c03-4f8f-8a3a-6637dcecb207,itc_crm,O2072,,orphaned by duplicate contact: order customer_id=69889007-3d4a-4e26-8491-12664609212c
d979052b-89e8-4c16-9fce-ba265434e7b6,00bfb044-a36c-446a-887d-a9f7e30f0689,1997-04-15 00:00:00,Completed,USD,0.0000,2026-05-20 19:35:54,,108b37a8-c0f9-4c3f-86a8-a349f4842569,northwind,nw_ord_10507,,orphaned by duplicate contact: order customer_id=00bfb044-a36c-446a-887d-a9f7e30f0689
8833580d-b5f4-4472-a216-7734f9b42cb5,eb214f56-74da-40d2-a0be-3468d7d2d552,2024-11-16 00:00:00,Pending,EGP,9168.1600,2026-05-20 19:35:56,,76a67116-4c03-4f8f-8a3a-6637dcecb207,itc_crm,O1421,,orphaned by duplicate contact: order customer_id=eb214f56-74da-40d2-a0be-3468d7d2d552
e0c9e5f8-9727-4fae-99b6-49199603bc95,504233ca-1888-4827-b25f-e1cbe26ef991,2026-01-04 00:00:00,Cancelled,EGP,9302.8700,2026-05-20 19:35:56,,76a67116-4c03-4f8f-8a3a-6637dcecb207,itc_crm,O603,,orphaned by duplicate contact: order customer_id=504233ca-1888-4827-b25f-e1cbe26ef991
b7058f7f-bee3-4c44-850e-79a122f864a4,e5e3bdf0-7caf-4a66-a6d0-ed5c159f32f4,2025-02-09 00:00:00,Pending,EGP,6424.1000,2026-05-20 19:35:56,,76a67116-4c03-4f8f-8a3a-6637dcecb207,itc_crm,O2779,,orphaned by duplicate contact: order customer_id=e5e3bdf0-7caf-4a66-a6d0-ed5c159f32f4
5867c42a-2221-4b6b-bc86-e70a13f73edd,be18d083-d6a7-42b9-ae18-e6b896ef8e00,2025-08-16 00:00:00,Shipped,EGP,9359.5700,2026-05-20 19:35:56,,76a67116-4c03-4f8f-8a3a-6637dcecb207,itc_crm,O700,,orphaned by duplicate contact: order customer_id=be18d083-d6a7-42b9-ae18-e6b896ef8e00
aaec2874-b37d-4d33-a108-80de1f51eeab,76be6a16-97b9-4604-b194-8648bf8c2424,2025-04-15 00:00:00,Cancelled,EGP,1997.9200,2026-05-20 19:35:56,,76a67116-4c03-4f8f-8a3a-6637dcecb207,itc_crm,O1276,,orphaned by duplicate contact: order customer_id=76be6a16-97b9-4604-b194-8648bf8c2424
c10e6dbc-f44f-4b99-920b-cbfe18ba4e3a,cb5bc38b-46d0-4352-a9ab-d106aa4f5925,2025-09-01 00:00:00,Shipped,EGP,499.9600,2026-05-20 19:35:56,,76a67116-4c03-4f8f-8a3a-6637dcecb207,itc_crm,O2994,,orphaned by duplicate contact: order customer_id=cb5bc38b-46d0-4352-a9ab-d106aa4f5925
312e8126-d419-4c3e-a2be-d77d96283c9b,e8d03aca-9640-4532-8962-f22388e29903,2026-04-17 00:00:00,Pending,EGP,7796.6200,2026-05-20 19:35:56,,76a67116-4c03-4f8f-8a3a-6637dcecb207,itc_crm,O1757,,orphaned by duplicate contact: order customer_id=e8d03aca-9640-4532-8962-f22388e29903
1cba4baf-be5d-462a-a547-3aad0697bd78,00bfb044-a36c-446a-887d-a9f7e30f0689,1997-09-22 00:00:00,Completed,USD,0.0000,2026-05-20 19:35:54,,108b37a8-c0f9-4c3f-86a8-a349f4842569,northwind,nw_ord_10677,,orphaned by duplicate contact: order customer_id=00bfb044-a36c-446a-887d-a9f7e30f0689
5317d122-0cf6-4435-b11d-acd774246b2f,7db8bd0e-9b1d-40f3-b7b4-2c9ffedd0c04,2025-09-20 00:00:00,Shipped,EGP,7723.2900,2026-05-20 19:35:56,,76a67116-4c03-4f8f-8a3a-6637dcecb207,itc_crm,O87,,orphaned by duplicate contact: order customer_id=7db8bd0e-9b1d-40f3-b7b4-2c9ffedd0c04
0ea880c8-6a44-44cc-a78f-24cc48f36776,dceb5462-58c9-4368-9bec-3429afcd4345,2025-08-14 00:00:00,Cancelled,EGP,7135.3600,2026-05-20 19:35:56,,76a67116-4c03-4f8f-8a3a-6637dcecb207,itc_crm,O2143,,orphaned by duplicate contact: order customer_id=dceb5462-58c9-4368-9bec-3429afcd4345
4c136f55-b812-4585-b02c-c0743f9c3e53,cb5bc38b-46d0-4352-a9ab-d106aa4f5925,2026-11-02 00:00:00,Shipped,EGP,2656.9900,2026-05-20 19:35:56,,76a67116-4c03-4f8f-8a3a-6637dcecb207,itc_crm,O2103,,orphaned by duplicate contact: order customer_id=cb5bc38b-46d0-4352-a9ab-d106aa4f5925
35d19214-5777-430e-87e2-29fbb104b09e,f0005204-6268-42d0-89ae-f545eeced922,2025-11-30 00:00:00,Pending,EGP,8279.4000,2026-05-20 19:35:56,,76a67116-4c03-4f8f-8a3a-6637dcecb207,itc_crm,O2379,,orphaned by duplicate contact: order customer_id=f0005204-6268-42d0-89ae-f545eeced922
541b9b46-016b-4626-a76d-1ea52cc36fa3,dceb5462-58c9-4368-9bec-3429afcd4345,2025-12-07 00:00:00,Shipped,EGP,7392.8300,2026-05-20 19:35:56,,76a67116-4c03-4f8f-8a3a-6637dcecb207,itc_crm,O1862,,orphaned by duplicate contact: order customer_id=dceb5462-58c9-4368-9bec-3429afcd4345
18b73024-db26-48f7-8409-099dd27439de,ee599932-b152-4eb5-a4c0-b224061ef96d,2025-04-19 00:00:00,Cancelled,EGP,8836.3800,2026-05-20 19:35:56,,76a67116-4c03-4f8f-8a3a-6637dcecb207,itc_crm,O513,,orphaned by duplicate contact: order customer_id=ee599932-b152-4eb5-a4c0-b224061ef96d
aabcf26e-5200-433f-9091-dd2a1996a0c1,2f4c5165-d574-44f0-8bc2-71157f9b51b7,2025-06-20 00:00:00,Cancelled,EGP,675.3000,2026-05-20 19:35:56,,76a67116-4c03-4f8f-8a3a-6637dcecb207,itc_crm,O1745,,orphaned by duplicate contact: order customer_id=2f4c5165-d574-44f0-8bc2-71157f9b51b7
92cedbe0-e6a6-4fc0-8f1c-b003fa786f73,417d69c3-1a06-40c7-8568-3de197bad92d,2024-06-28 00:00:00,Shipped,EGP,5403.1000,2026-05-20 19:35:56,,76a67116-4c03-4f8f-8a3a-6637dcecb207,itc_crm,O2757,,orphaned by duplicate contact: order customer_id=417d69c3-1a06-40c7-8568-3de197bad92d
af0f6b9d-8cb1-45d9-aa81-c29d895d4bcf,19d79c8a-64eb-4322-907b-0f19852dda98,2026-04-29 00:00:00,Completed,USD,129.9700,2026-05-20 19:35:54,,108b37a8-c0f9-4c3f-86a8-a349f4842569,dummyjson,dj_cart_107,,orphaned by duplicate contact: order customer_id=19d79c8a-64eb-4322-907b-0f19852dda98
f451baaa-c364-43f0-bdcd-24696433ef5e,2f4c5165-d574-44f0-8bc2-71157f9b51b7,2025-10-19 00:00:00,Cancelled,EGP,5686.9400,2026-05-20 19:35:56,,76a67116-4c03-4f8f-8a3a-6637dcecb207,itc_crm,O2109,,orphaned by duplicate contact: order customer_id=2f4c5165-d574-44f0-8bc2-71157f9b51b7
9335a83b-8e82-44d7-a75d-3c1bb31b818f,15a2efe4-aa15-45cf-9fc3-564cab882395,2025-11-02 00:00:00,Pending,EGP,135.5300,2026-05-20 19:35:56,,76a67116-4c03-4f8f-8a3a-6637dcecb207,itc_crm,O1927,,orphaned by duplicate contact: order customer_id=15a2efe4-aa15-45cf-9fc3-564cab882395
cc5910bb-8ccc-4f06-889a-61396525a330,dceb5462-58c9-4368-9bec-3429afcd4345,2024-11-30 00:00:00,Cancelled,EGP,9602.3300,2026-05-20 19:35:56,,76a67116-4c03-4f8f-8a3a-6637dcecb207,itc_crm,O1172,,orphaned by duplicate contact: order customer_id=dceb5462-58c9-4368-9bec-3429afcd4345
8c166829-551c-41f0-8f7f-1707da2dd9c5,69889007-3d4a-4e26-8491-12664609212c,2026-03-04 00:00:00,Pending,,6317.0400,2026-05-20 19:35:56,,76a67116-4c03-4f8f-8a3a-6637dcecb207,itc_crm,O278,,orphaned by duplicate contact: order customer_id=69889007-3d4a-4e26-8491-12664609212c
d1d96510-b7d6-4349-ab92-cc5627d1e1e1,ee599932-b152-4eb5-a4c0-b224061ef96d,2025-06-13 00:00:00,Shipped,EGP,1173.4000,2026-05-20 19:35:56,,76a67116-4c03-4f8f-8a3a-6637dcecb207,itc_crm,O2009,,orphaned by duplicate contact: order customer_id=ee599932-b152-4eb5-a4c0-b224061ef96d
f1fb24e3-369f-40c8-97ed-6bb9471b57fd,e5e3bdf0-7caf-4a66-a6d0-ed5c159f32f4,2024-05-06 00:00:00,Cancelled,EGP,2396.8000,2026-05-20 19:35:56,,76a67116-4c03-4f8f-8a3a-6637dcecb207,itc_crm,O725,,orphaned by duplicate contact: order customer_id=e5e3bdf0-7caf-4a66-a6d0-ed5c159f32f4
ba265897-7e38-49c1-a75f-80e7321ed2cf,d28b9e6e-a3fb-415f-a296-8f316324fc21,2025-02-23 00:00:00,Pending,EGP,5654.2300,2026-05-20 19:35:56,,76a67116-4c03-4f8f-8a3a-6637dcecb207,itc_crm,O281,,orphaned by duplicate contact: order customer_id=d28b9e6e-a3fb-415f-a296-8f316324fc21
f8f9d487-9025-4d88-82ca-0946bd3a5c24,c1129930-1d61-4063-a884-a7ad7020be03,2024-11-30 00:00:00,Shipped,EGP,394.8900,2026-05-20 19:35:56,,76a67116-4c03-4f8f-8a3a-6637dcecb207,itc_crm,O1386,,orphaned by duplicate contact: order customer_id=c1129930-1d61-4063-a884-a7ad7020be03
43a3732d-e519-429d-b60e-975f47b32bd9,e8d03aca-9640-4532-8962-f22388e29903,2024-11-28 00:00:00,Cancelled,EGP,8405.6100,2026-05-20 19:35:56,,76a67116-4c03-4f8f-8a3a-6637dcecb207,itc_crm,O1903,,orphaned by duplicate contact: order customer_id=e8d03aca-9640-4532-8962-f22388e29903
446ef68b-c57f-4e2a-ad75-b76e2118f4c7,dceb5462-58c9-4368-9bec-3429afcd4345,2025-11-18 00:00:00,Shipped,EGP,9484.2400,2026-05-20 19:35:56,,76a67116-4c03-4f8f-8a3a-6637dcecb207,itc_crm,O737,,orphaned by duplicate contact: order customer_id=dceb5462-58c9-4368-9bec-3429afcd4345
f710ea85-2e0b-4453-b87d-4b4535c4a63f,7bd08633-c63f-4ac3-af24-ba732c964229,2026-03-18 00:00:00,Shipped,EGP,7680.2600,2026-05-20 19:35:56,,76a67116-4c03-4f8f-8a3a-6637dcecb207,itc_crm,O679,,orphaned by duplicate contact: order customer_id=7bd08633-c63f-4ac3-af24-ba732c964229
a6be6baa-6e7c-4c08-a873-4688db05afd0,69889007-3d4a-4e26-8491-12664609212c,2026-03-21 00:00:00,Pending,EGP,26047.0255,2026-05-20 19:35:56,,76a67116-4c03-4f8f-8a3a-6637dcecb207,itc_crm,O2007,,orphaned by duplicate contact: order customer_id=69889007-3d4a-4e26-8491-12664609212c
36697ba2-a393-4f87-95a0-c994bb02e594,cb5bc38b-46d0-4352-a9ab-d106aa4f5925,2025-06-02 00:00:00,,EGP,2310.6400,2026-05-20 19:35:56,,76a67116-4c03-4f8f-8a3a-6637dcecb207,itc_crm,O39,,orphaned by duplicate contact: order customer_id=cb5bc38b-46d0-4352-a9ab-d106aa4f5925
482dfad3-0a27-4ebd-b2f7-19e2ef6463d1,eb214f56-74da-40d2-a0be-3468d7d2d552,2024-12-24 00:00:00,Shipped,EGP,7643.2900,2026-05-20 19:35:56,,76a67116-4c03-4f8f-8a3a-6637dcecb207,itc_crm,O189,,orphaned by duplicate contact: order customer_id=eb214f56-74da-40d2-a0be-3468d7d2d552
f3bbe1d2-d69c-43ed-bae0-d60ee787654c,4f3b9050-268d-4fe7-b65e-1b9e86cb0dc3,2025-04-17 00:00:00,Pending,EGP,8025.7600,2026-05-20 19:35:56,,76a67116-4c03-4f8f-8a3a-6637dcecb207,itc_crm,O2928,,orphaned by duplicate contact: order customer_id=4f3b9050-268d-4fe7-b65e-1b9e86cb0dc3
437e23fd-a98e-4db0-be5e-c8022419d883,a42e7643-ad19-41d3-8fee-741aa530c742,2026-04-29 00:00:00,Completed,USD,279.9600,2026-05-20 19:35:54,,108b37a8-c0f9-4c3f-86a8-a349f4842569,dummyjson,dj_cart_39,,orphaned by duplicate contact: order customer_id=a42e7643-ad19-41d3-8fee-741aa530c742
534da955-d493-4346-853c-9288fffc360e,43840a54-6270-4477-a403-c9f207e9f103,2024-11-25 00:00:00,Cancelled,EGP,8298.1700,2026-05-20 19:35:56,,76a67116-4c03-4f8f-8a3a-6637dcecb207,itc_crm,O69,,orphaned by duplicate contact: order customer_id=43840a54-6270-4477-a403-c9f207e9f103
9088eca2-ec4d-4a94-9893-eef16617f5f5,00bfb044-a36c-446a-887d-a9f7e30f0689,1997-05-13 00:00:00,Completed,USD,0.0000,2026-05-20 19:35:54,,108b37a8-c0f9-4c3f-86a8-a349f4842569,northwind,nw_ord_10535,,orphaned by duplicate contact: order customer_id=00bfb044-a36c-446a-887d-a9f7e30f0689
7357c55d-2f95-4d18-b3c0-6d6baf2f7b7b,e8d03aca-9640-4532-8962-f22388e29903,2025-04-23 00:00:00,Pending,EGP,6727.3600,2026-05-20 19:35:56,,76a67116-4c03-4f8f-8a3a-6637dcecb207,itc_crm,O2528,,orphaned by duplicate contact: order customer_id=e8d03aca-9640-4532-8962-f22388e29903
ed3e305b-0f55-4840-8313-c8f5ecea47b6,890a00d1-8c0b-424f-9d95-28947063a6ce,2025-06-27 00:00:00,Cancelled,EGP,9471.1800,2026-05-20 19:35:56,,76a67116-4c03-4f8f-8a3a-6637dcecb207,itc_crm,O998,,orphaned by duplicate contact: order customer_id=890a00d1-8c0b-424f-9d95-28947063a6ce
efa86b89-d1c5-4c5e-b633-81394ff8a8df,00bfb044-a36c-446a-887d-a9f7e30f0689,1997-06-19 00:00:00,Completed,USD,0.0000,2026-05-20 19:35:54,,108b37a8-c0f9-4c3f-86a8-a349f4842569,northwind,nw_ord_10573,,orphaned by duplicate contact: order customer_id=00bfb044-a36c-446a-887d-a9f7e30f0689
06ca5023-3b0b-4f44-a41e-01afd8e793fa,fedac24a-c4a3-4081-a4e1-cb8f06092ab8,2026-04-29 00:00:00,Completed,,1551.8800,2026-05-20 19:35:54,,108b37a8-c0f9-4c3f-86a8-a349f4842569,dummyjson,dj_cart_101,,orphaned by duplicate contact: order customer_id=fedac24a-c4a3-4081-a4e1-cb8f06092ab8
